,ddG
0,-3.7
1,-4.55
2,-2.4
3,-4.55
4,-0.7
5,0.55
6,0.81
7,0.19
8,0.32
9,0.77
10,0.55
11,-1.91
12,-1.48
13,-1.67
14,0.53
15,0.26
16,1.63
17,-0.33
18,-0.18
19,-1.02
20,-1.2
21,-1.59
22,-1.0
23,-1.4
24,-1.18
25,-1.03
26,0.48
27,-0.05
28,-2.6
29,-1.8
30,-1.1
31,-1.1
32,-1.1
33,-0.2
34,-1.2
35,-0.1
36,-1.3
37,0.7
38,-0.3
39,0.1
40,-1.1
41,-3.7
42,-1.3
43,-2.8
44,0.5
45,-1.4
46,-2.3
47,-3.6
48,-1.6
49,-2.8
50,-0.6
51,-2.0
52,-0.6
53,0.0
54,0.4
55,-0.5
56,-0.1
57,-1.4
58,-0.4
59,-1.3
60,-0.2
61,-2.8
62,-3.8
63,-2.4
64,-2.8
65,-3.8
66,-2.2
67,0.2
68,-0.4
69,0.4
70,0.4
71,-0.7
72,0.5
73,-1.3
74,-1.4
75,-0.7
76,-1.8
77,0.0
78,-1.3
79,0.0
80,-0.3
81,-1.9
82,0.3
83,-0.6
84,0.5
85,-0.5
86,0.3
87,-0.1
88,-0.2
89,-0.4
90,-2.3
91,-0.2
92,-2.1
93,-3.5
94,-1.91
95,-2.15
96,-0.96
97,-2.13
98,-0.9
99,-1.2
100,-1.6
101,1.8
102,-5.0
103,-1.12
104,-0.9
105,-0.02
106,-1.69
107,-1.44
108,-2.25
109,-1.05
110,-1.21
111,-0.99
112,-1.68
113,1.06
114,-1.79
115,-0.45
116,-2.44
117,-1.4
118,-0.8
119,-2.4
120,-0.44
121,-0.25
122,-0.2
123,-0.25
124,-1.65
125,-3.5
126,-1.51
127,-1.29
128,-4.3
129,-1.73
130,-1.41
131,-1.57
132,-5.35
133,-1.67
134,-4.0
135,-0.5
136,-1.6
137,-1.84
138,-1.41
139,-2.63
140,-1.84
141,-0.28
142,-2.5
143,-2.54
144,-1.63
145,-1.87
146,-1.88
147,-0.02
148,-1.5
149,1.04
150,-2.24
151,0.1
152,1.9
153,-0.8
154,-1.35
155,-0.5
156,-0.57
157,0.4
158,-0.43
159,-0.5
160,-0.84
161,-0.3
162,-1.14
163,-2.7
164,0.3
165,-2.0
166,0.2
167,-1.9
168,-0.6
169,-1.23
170,-0.6
171,0.1
172,0.0
173,-0.73
174,-1.8
175,-0.57
176,0.4
177,-0.9
178,-3.4
179,-0.1
180,-3.28
181,0.2
182,-0.6
183,0.5
184,1.3
185,0.0
186,0.23
187,-1.9
188,2.9
189,0.1
190,-0.65
191,-0.1
192,0.22
193,-0.6
194,0.27
195,0.2
196,-0.64
197,-1.1
198,-1.04
199,-3.4
200,-4.6
201,-1.9
202,0.2
203,-0.24
204,0.1
205,-4.0
206,-3.4
207,0.6
208,-1.2
209,-0.2
210,-0.6
211,0.6
212,-1.0
213,-2.3
214,-1.1
215,-1.1
216,0.96
217,0.5
218,0.45
219,-1.67
220,-1.16
221,-1.19
222,-1.31
223,0.05
224,-0.01
225,-0.36
226,-0.33
227,-0.21
228,-1.3
229,-2.1
230,-0.5
231,-0.7
232,-0.3
233,-2.7
234,-0.3
235,-3.9
236,-0.7
237,-0.4
238,-0.6
239,-0.1
240,0.7
241,0.2
242,-1.5
243,-0.8
244,-2.3
245,-0.2
246,-2.6
247,0.7
248,-1.6
249,-2.1
250,-2.0
251,-1.1
252,1.4
253,-3.45
254,3.0
255,1.3
256,-0.44
257,-4.1
258,-0.09
259,-1.29
260,-0.27
261,-3.04
262,-2.37
263,-4.9
264,-0.9
265,-1.91
266,-2.1
267,-2.7
268,-2.2
269,-4.35
270,-2.62
271,-5.3
272,-3.4
273,-7.8
274,-0.24
275,-0.65
276,-1.05
277,-0.8
278,-1.8
279,-2.64
280,-4.01
281,-1.1
282,-3.31
283,-0.9
284,0.8
285,0.43
286,0.44
287,-0.3
288,-0.35
289,-4.51
290,-3.05
291,-0.5
292,-0.3
293,0.0
294,0.64
295,-2.12
296,-2.05
297,0.3
298,0.15
299,-1.8
300,-2.8
301,0.24
302,-1.66
303,-1.95
304,-0.05
305,-1.38
306,-4.3
307,-1.29
308,-1.72
309,-0.56
310,-2.31
311,-2.21
312,0.11
313,-0.27
314,-1.09
315,-2.06
316,-1.27
317,-3.08
318,-1.87
319,-0.22
320,-1.04
321,-1.1
322,-1.24
323,-3.49
324,-2.12
325,-4.02
326,-1.35
327,0.6
328,-1.05
329,1.4
330,0.35
331,0.35
332,1.15
333,-1.9
334,-2.4
335,-0.5
336,-1.7
337,-1.3
338,-6.1
339,-8.7
340,-8.0
341,-7.8
342,-6.0
343,0.2
344,-0.4
345,-0.2
346,-1.5
347,-2.0
348,-2.4
349,-6.9
350,-3.0
351,-2.2
352,-1.8
353,-4.3
354,-4.1
355,-1.0
356,-2.1
357,-2.8
358,-0.7
359,-2.3
360,-1.7
361,-0.2
362,-0.2
363,-1.5
364,-2.1
365,-0.4
366,0.0
367,-0.4
368,0.1
369,0.0
370,-0.6
371,-1.7
372,-2.2
373,-5.7
374,-3.3
375,-4.7
376,-1.2
377,-1.4
378,-1.3
379,-0.3
380,-0.8
381,-1.0
382,-0.3
383,-0.5
384,-1.8
385,0.0
386,-0.5
387,-0.1
388,-1.6
389,0.0
390,-0.1
391,-0.1
392,-1.2
393,-1.2
394,-2.9
395,-3.9
396,-3.4
397,-5.9
398,-1.1
399,-3.8
400,-0.6
401,-5.0
402,-3.7
403,-3.7
404,-0.6
405,0.1
406,-0.6
407,-0.7
408,-1.04
409,-1.09
410,-0.79
411,-1.17
412,0.55
413,-0.05
414,0.38
415,0.75
416,-0.37
417,0.6
418,-3.7
419,-2.3
420,0.4
421,0.1
422,-0.18
423,-0.12
424,0.26
425,-0.92
426,-0.6
427,-0.62
428,-0.7
429,-1.1
430,-1.75
431,-2.62
432,1.1
433,-1.1
434,-0.1
435,-0.26
436,0.2
437,-0.68
438,-0.52
439,-0.83
440,-0.62
441,-0.45
442,0.0
443,-0.05
444,0.04
445,-0.6
446,-1.1
447,-1.9
448,0.6
449,0.9
450,-0.1
451,-0.6
452,-0.6
453,0.0
454,-1.9
455,0.44
456,-0.22
457,-0.04
458,-0.6
459,-1.5
460,-0.8
461,-2.2
462,-1.4
463,-1.6
464,-0.8
465,-1.1
466,0.1
467,-1.7
468,-2.04
469,-0.8
470,0.0
471,0.0
472,-0.1
473,-0.4
474,0.6
475,0.96
476,-0.54
477,-0.3
478,-1.4
479,-0.3
480,-1.4
481,-0.6
482,0.8
483,-0.5
484,-1.1
485,-0.9
486,-2.2
487,-1.3
488,-1.3
489,0.2
490,-2.0
491,5.0
492,-0.7
493,-2.1
494,-0.7
495,-0.8
496,-0.32
497,-0.29
498,-0.31
499,-0.45
500,0.01
501,-0.57
502,-0.58
503,0.07
504,0.24
505,-0.13
506,-0.61
507,-0.97
508,0.11
509,-0.03
510,0.48
511,-0.03
512,-1.88
513,-1.46
514,-0.19
515,-0.11
516,0.69
517,0.17
518,0.1
519,-0.3
520,-0.05
521,2.35
522,-0.3
523,-0.1
524,-0.5
525,-1.2
526,0.0
527,-1.8
528,-0.95
529,-0.75
530,-0.5
531,0.06
532,-0.31
533,-0.31
534,0.43
535,0.04
536,0.35
537,-0.48
538,2.5
539,2.7
540,3.3
541,2.9
542,-3.91
543,-2.97
544,-3.56
545,-0.1
546,-0.59
547,1.41
548,0.8
549,-0.46
550,-0.66
551,-1.31
552,-0.79
553,-0.48
554,-0.62
555,-0.25
556,-0.15
557,-0.33
558,2.75
559,1.59
560,1.14
561,1.77
562,1.8
563,0.08
564,-0.16
565,2.8
566,0.23
567,0.05
568,0.29
569,-0.31
570,-1.16
571,-0.19
572,0.2
573,2.18
574,1.6
575,1.7
576,-2.07
577,-1.47
578,-0.84
579,0.22
580,-0.37
581,-0.17
582,-0.22
583,-0.08
584,-1.41
585,-1.39
586,1.53
587,-0.55
588,-3.6
589,-3.6
590,-0.4
591,1.75
592,0.38
593,-1.47
594,0.46
595,-0.04
596,-0.2
597,0.28
598,0.04
599,1.4
600,1.58
601,1.1
602,-3.6
603,-2.03
604,-1.9
605,-1.75
606,-1.65
607,-1.45
608,-1.95
609,-1.35
610,-2.25
611,-1.45
612,-2.55
613,-1.85
614,0.45
615,-2.35
616,-1.65
617,-2.85
618,-0.15
619,-1.45
620,-4.55
621,-4.05
622,-3.65
623,-2.65
624,-0.15
625,-1.15
626,0.15
627,-0.95
628,0.15
629,-0.85
630,-1.55
631,-1.15
632,-1.0
633,-1.43
634,-1.05
635,0.84
636,0.57
637,-0.81
638,-2.58
639,-0.51
640,-0.57
641,0.62
642,-2.04
643,-1.98
644,-0.23
645,1.4
646,-0.42
647,-2.8
648,-0.59
649,-0.6
650,-0.43
651,-1.36
652,-1.07
653,-0.73
654,-2.04
655,-0.68
656,-3.11
657,-3.95
658,-2.18
659,-2.5
660,-1.56
661,-2.39
662,-0.38
663,-3.11
664,-3.44
665,-2.39
666,-2.51
667,-0.07
668,-0.72
669,-2.34
670,-0.36
671,-1.44
672,-0.96
673,-1.08
674,0.0
675,-3.11
676,0.96
677,-1.71
678,-1.37
679,-1.84
680,-0.98
681,-2.82
682,-0.75
683,-1.35
684,0.2
685,-1.19
686,-2.37
687,-0.89
688,-1.0
689,-1.08
690,-3.6
691,-4.73
692,0.19
693,-1.94
694,-2.53
695,-2.63
696,-1.12
697,-0.8
698,-1.45
699,-2.68
700,-2.1
701,-3.03
702,-2.8
703,-1.92
704,-2.24
705,0.04
706,-2.54
707,-1.13
708,-0.09
709,-1.28
710,-0.42
711,-0.41
712,0.07
713,0.83
714,0.46
715,1.1
716,1.43
717,0.41
718,-0.38
719,-2.39
720,-1.81
721,-3.28
722,-2.69
723,-3.76
724,-2.64
725,-3.5
726,-2.93
727,-1.36
728,-2.74
729,-2.47
730,-1.34
731,-1.86
732,-1.98
733,-0.97
734,-0.27
735,-0.44
736,-1.99
737,-2.53
738,-1.52
739,-2.2
740,-3.88
741,-3.72
742,-0.73
743,-1.1
744,-1.64
745,-1.17
746,-0.71
747,0.32
748,0.2
749,0.59
750,-0.05
751,-0.51
752,-0.27
753,-0.1
754,-0.64
755,-0.79
756,-1.41
757,0.01
758,-0.14
759,-1.05
760,-1.33
761,-1.0
762,-0.57
763,-1.46
764,-0.88
765,-2.76
766,-2.06
767,-0.64
768,-1.69
769,-3.43
770,-2.22
771,-0.61
772,-2.31
773,-3.8
774,-2.34
775,-4.76
776,-4.1
777,-4.73
778,-4.41
779,-0.12
780,-2.18
781,-1.41
782,-1.26
783,-1.46
784,-3.11
785,0.16
786,-0.75
787,-0.55
788,-1.0
789,-0.44
790,-1.48
791,-2.17
792,-2.28
793,-2.14
794,-2.23
795,-0.31
796,-1.99
797,-3.74
798,0.19
799,-0.24
800,-0.1
801,-1.8
802,-2.55
803,-3.74
804,-2.92
805,-4.09
806,0.57
807,0.46
808,0.51
809,-0.52
810,1.31
811,0.69
812,-0.45
813,-0.17
814,-0.48
815,-0.85
816,-3.29
817,-4.22
818,-0.09
819,-0.39
820,-1.37
821,-2.73
822,-3.43
823,-0.62
824,-0.15
825,-0.88
826,-2.65
827,-2.63
828,-0.14
829,-0.68
830,-0.96
831,-0.23
832,-1.88
833,-1.79
834,-4.12
835,-0.6
836,-1.75
837,-0.46
838,-1.13
839,-2.59
840,0.69
841,0.21
842,1.05
843,0.24
844,0.13
845,-0.22
846,-0.79
847,0.06
848,-1.32
849,-1.26
850,-3.22
851,-0.44
852,0.12
853,-0.7
854,-0.26
855,-0.79
856,-0.75
857,-0.97
858,-0.02
859,-0.06
860,-0.38
861,-0.76
862,-0.34
863,-0.4
864,-1.6
865,-0.7
866,-0.79
867,-0.85
868,-0.8
869,-0.28
870,0.19
871,0.2
872,0.09
873,0.1
874,-0.25
875,0.24
876,-0.02
877,-0.25
878,0.2
879,-0.1
880,-0.17
881,-0.08
882,-0.32
883,-1.47
884,-1.83
885,-1.57
886,-0.89
887,0.16
888,-1.68
889,-0.09
890,-0.51
891,0.0
892,0.19
893,0.25
894,-0.16
895,-0.48
896,-0.3
897,-0.03
898,-0.6
899,-0.25
900,-0.4
901,-0.55
902,0.04
903,-1.31
904,-0.5
905,-0.26
906,-0.69
907,0.05
908,-1.07
909,-0.15
910,0.1
911,0.0
912,-0.75
913,-0.39
914,-0.15
915,-0.22
916,-0.47
917,-0.58
918,-1.85
919,-0.3
920,-1.38
921,-1.03
922,-1.88
923,-4.6
924,-1.11
925,-2.05
926,-3.34
927,-3.81
928,-4.78
929,-0.96
930,-2.3
931,-2.18
932,-4.43
933,-0.76
934,-1.42
935,-2.38
936,-3.84
937,-1.6
938,-1.63
939,-2.77
940,-4.58
941,-1.83
942,-1.85
943,-3.66
944,-3.09
945,-3.58
946,-1.51
947,-3.79
948,-1.82
949,-2.78
950,-1.51
951,-0.28
952,-2.06
953,-0.14
954,-1.35
955,-1.26
956,-0.77
957,-1.15
958,-2.6
959,-3.18
960,-1.04
961,-1.42
962,-1.61
963,-1.95
964,-0.84
965,-0.31
966,-1.81
967,-2.54
968,-0.56
969,-0.76
970,-2.06
971,-1.62
972,-4.66
973,-1.43
974,-0.73
975,-4.43
976,-4.44
977,-4.39
978,-2.3
979,-4.98
980,-1.88
981,-2.34
982,-1.61
983,-1.03
984,-0.97
985,-0.97
986,0.59
987,-0.38
988,-0.35
989,0.25
990,-1.5
991,-0.1
992,-0.51
993,-0.44
994,-0.1
995,-0.55
996,-2.26
997,-0.25
998,-0.93
999,-0.02
1000,-0.58
1001,-1.25
1002,-1.32
1003,-2.55
1004,-2.84
1005,-2.4
1006,-1.64
1007,-2.86
1008,-1.38
1009,-2.26
1010,-1.1
1011,-2.06
1012,-0.79
1013,-2.53
1014,0.83
1015,-1.0
1016,-1.52
1017,-0.82
1018,0.62
1019,0.56
1020,-1.03
1021,-1.08
1022,-1.59
1023,-1.87
1024,-1.54
1025,-0.57
1026,-1.63
1027,-0.73
1028,-1.2
1029,-1.16
1030,-0.05
1031,-0.35
1032,-0.26
1033,-1.69
1034,-0.95
1035,-2.54
1036,-0.61
1037,-0.74
1038,-0.85
1039,-1.52
1040,-1.04
1041,-2.62
1042,0.73
1043,-1.35
1044,0.47
1045,0.07
1046,0.74
1047,-1.79
1048,0.86
1049,-0.88
1050,0.9
1051,-0.23
1052,-0.04
1053,-0.37
1054,-0.56
1055,0.04
1056,0.09
1057,-2.23
1058,-1.05
1059,-3.52
1060,-1.17
1061,-2.15
1062,0.1
1063,-0.89
1064,-0.19
1065,-2.03
1066,0.51
1067,-0.75
1068,0.24
1069,-2.82
1070,0.27
1071,-0.76
1072,-4.86
1073,-2.45
1074,-4.26
1075,-4.82
1076,-0.74
1077,-0.88
1078,-4.71
1079,-2.36
1080,0.14
1081,-0.03
1082,-0.15
1083,-1.07
1084,-0.04
1085,-0.31
1086,-2.7
1087,-1.93
1088,0.03
1089,-0.02
1090,-4.76
1091,-3.34
1092,-2.16
1093,-4.61
1094,0.11
1095,-0.9
1096,-2.44
1097,-1.55
1098,-0.05
1099,-0.17
1100,0.09
1101,-0.1
1102,0.01
1103,0.2
1104,-2.34
1105,-4.49
1106,-0.76
1107,-4.83
1108,0.37
1109,-0.14
1110,-3.09
1111,-1.34
1112,-2.69
1113,-3.23
1114,-1.91
1115,-1.12
1116,-3.88
1117,-3.35
1118,-0.14
1119,-0.15
1120,-3.36
1121,0.06
1122,0.07
1123,-0.2
1124,0.2
1125,-0.25
1126,-0.02
1127,-0.56
1128,-0.22
1129,-2.72
1130,-0.4
1131,-1.86
1132,-2.28
1133,-3.78
1134,-1.55
1135,-1.94
1136,-3.83
1137,-3.31
1138,-3.05
1139,-3.21
1140,-3.18
1141,-2.65
1142,-0.72
1143,-1.97
1144,-0.38
1145,-1.72
1146,-3.31
1147,-0.41
1148,-0.07
1149,-1.05
1150,-0.15
1151,-2.27
1152,-3.83
1153,-1.81
1154,-4.53
1155,-1.71
1156,-2.62
1157,-0.73
1158,-2.2
1159,-3.07
1160,-2.04
1161,-2.88
1162,-1.95
1163,-3.36
1164,-0.33
1165,-0.9
1166,-1.3
1167,-0.1
1168,-1.33
1169,-0.1
1170,-2.08
1171,-2.22
1172,-3.01
1173,-0.55
1174,-1.89
1175,-1.24
1176,-1.06
1177,0.56
1178,-1.71
1179,-1.07
1180,0.58
1181,-2.27
1182,-0.7
1183,-2.39
1184,-2.62
1185,-3.04
1186,-2.18
1187,-2.26
1188,-1.78
1189,-2.56
1190,-1.99
1191,2.72
1192,2.35
1193,-0.9
1194,-0.5
1195,-1.0
1196,-0.4
1197,-0.6
1198,-1.9
1199,-2.0
1200,-0.8
1201,-0.6
1202,-0.3
1203,-0.1
1204,-1.8
1205,-0.4
1206,-0.1
1207,-1.8
1208,-2.3
1209,-1.6
1210,-0.6
1211,-1.5
1212,0.1
1213,-0.1
1214,-0.2
1215,-1.4
1216,-0.1
1217,-0.2
1218,-0.3
1219,-0.3
1220,-0.1
1221,-0.8
1222,-1.5
1223,0.2
1224,0.2
1225,0.4
1226,0.5
1227,-1.8
1228,0.0
1229,-0.6
1230,0.1
1231,-0.8
1232,-1.2
1233,-1.6
1234,-1.3
1235,-1.2
1236,-1.5
1237,-1.5
1238,-0.3
1239,-2.3
1240,-0.2
1241,-1.18
1242,-2.49
1243,-1.56
1244,-1.98
1245,-0.65
1246,-0.18
1247,-4.86
1248,-0.11
1249,-3.33
1250,-0.72
1251,-4.11
1252,-1.28
1253,-0.67
1254,-0.33
1255,-0.69
1256,-0.4
1257,-0.99
1258,-2.88
1259,-1.81
1260,0.13
1261,-1.17
1262,-1.37
1263,-2.85
1264,-0.91
1265,-3.17
1266,-1.97
1267,-4.23
1268,-0.54
1269,-2.74
1270,-1.49
1271,-2.14
1272,-1.11
1273,0.13
1274,-0.22
1275,-1.9
1276,0.81
1277,-0.21
1278,0.07
1279,-0.1
1280,-0.6
1281,0.6
1282,0.51
1283,0.1
1284,-0.11
1285,-0.42
1286,0.0
1287,-1.3
1288,-0.7
1289,-0.57
1290,-3.16
1291,-1.55
1292,-1.7
1293,-0.35
1294,-1.66
1295,-1.75
1296,-1.19
1297,-0.1
1298,-0.17
1299,-3.11
1300,-0.58
1301,-0.73
1302,-0.44
1303,0.03
1304,-2.02
1305,-1.09
1306,-2.07
1307,0.21
1308,-1.8
1309,-1.85
1310,-0.8
1311,1.43
1312,-0.26
1313,0.14
1314,0.24
1315,-0.53
1316,0.05
1317,0.36
1318,-1.36
1319,-0.05
1320,0.57
1321,-1.29
1322,-0.26
1323,-0.74
1324,-0.77
1325,-0.41
1326,-0.5
1327,-0.91
1328,0.43
1329,-1.2
1330,0.12
1331,-1.1
1332,-0.29
1333,-0.5
1334,0.07
1335,-0.07
1336,0.33
1337,-0.26
1338,0.19
1339,-0.77
1340,-0.31
1341,-0.8
1342,2.4
1343,1.7
1344,-1.1
1345,-2.7
1346,-0.9
1347,-1.7
1348,-1.7
1349,-0.3
1350,-0.3
1351,-2.7
1352,-3.2
1353,-1.8
1354,-1.1
1355,-1.3
1356,-1.0
1357,0.9
1358,-2.13
1359,-0.3
1360,-2.25
1361,-2.0
1362,-0.98
1363,-2.1
1364,-1.05
1365,-0.79
1366,-1.72
1367,-0.19
1368,-2.13
1369,0.07
1370,-0.93
1371,-0.65
1372,2.66
1373,-0.6
1374,-0.19
1375,1.39
1376,0.43
1377,-0.96
1378,-0.41
1379,-0.93
1380,-1.15
1381,-0.24
1382,-2.44
1383,-0.6
1384,-1.17
1385,-2.39
1386,-0.26
1387,-1.2
1388,-2.6
1389,-2.6
1390,-1.1
1391,-0.7
1392,-0.4
1393,0.5
1394,-2.3
1395,-3.8
1396,1.3
1397,-0.33
1398,-0.95
1399,0.3
1400,-1.85
1401,-1.24
1402,-3.67
1403,-3.98
1404,-2.56
1405,-3.67
1406,-2.43
1407,-3.82
1408,-1.22
1409,0.0
1410,-3.67
1411,-2.84
1412,-3.26
1413,-0.31
1414,-2.4
1415,-2.73
1416,-0.76
1417,-3.82
1418,-2.68
1419,1.49
1420,0.6
1421,0.5
1422,0.5
1423,0.05
1424,0.75
1425,-0.65
1426,-1.19
1427,-0.13
1428,0.0
1429,0.41
1430,-0.82
1431,-0.1
1432,-1.1
1433,-2.1
1434,1.1
1435,-2.5
1436,-3.3
1437,-1.2
1438,-3.3
1439,-0.6
1440,-2.4
1441,-1.1
1442,-1.9
1443,-0.1
1444,-0.7
1445,-1.1
1446,-1.1
1447,-0.2
1448,-2.9
1449,-0.6
1450,-5.2
1451,-3.3
1452,-3.1
1453,-0.4
1454,-3.3
1455,-1.6
1456,-2.7
1457,-1.9
1458,-1.9
1459,-2.1
1460,-1.3
1461,-0.4
1462,-4.7
1463,-1.7
1464,-4.5
1465,-0.6
1466,-0.9
1467,0.0
1468,0.4
1469,0.1
1470,-0.1
1471,-0.5
1472,-0.9
1473,-2.7
1474,-2.2
1475,-3.8
1476,-1.7
1477,-0.4
1478,-1.7
1479,-1.8
1480,-0.2
1481,0.3
1482,-0.8
1483,-1.2
1484,-1.0
1485,-1.1
1486,-1.2
1487,-0.2
1488,-1.2
1489,-1.8
1490,-1.8
1491,-0.9
1492,-1.3
1493,-1.0
1494,-2.8
1495,-2.8
1496,-2.5
1497,-1.5
1498,0.4
1499,0.14
1500,2.5
1501,-1.1
1502,0.9
1503,-1.9
1504,-2.45
1505,0.0
1506,-0.6
1507,0.6
1508,0.8
1509,-0.78
1510,0.31
1511,0.38
1512,-4.12
1513,-4.2
1514,-0.93
1515,-1.34
1516,-3.24
1517,-3.95
1518,-2.2
1519,-1.72
1520,-1.19
1521,-2.93
1522,-3.6
1523,-0.13
1524,-1.08
1525,-0.66
1526,0.46
1527,-0.37
1528,-0.71
1529,-0.15
1530,-0.14
1531,-0.67
1532,0.89
1533,-1.82
1534,0.33
1535,-0.26
1536,-0.81
1537,0.07
1538,1.72
1539,1.82
1540,0.46
1541,1.77
1542,-1.25
1543,-4.04
1544,-2.13
1545,-4.42
1546,-3.97
1547,-2.92
1548,-5.26
1549,-2.61
1550,-4.54
1551,-2.87
1552,-2.26
1553,-4.1
1554,-1.2
1555,-0.5
1556,0.8
1557,-4.3
1558,-2.6
1559,0.26
1560,-2.25
1561,-0.4
1562,-0.8
1563,-0.8
1564,-2.6
1565,-0.7
1566,-0.2
1567,-0.7
1568,-0.5
1569,-2.3
1570,-4.2
1571,-3.4
1572,-1.7
1573,0.89
1574,0.37
1575,0.27
1576,-2.03
1577,0.0
1578,-2.05
1579,0.62
1580,0.81
1581,-0.2
1582,2.85
1583,-0.6
1584,0.9
1585,0.6
1586,1.2
1587,1.5
1588,0.1
1589,0.8
1590,-1.54
1591,-1.28
1592,-1.16
1593,0.55
1594,-2.7
1595,-0.51
1596,-0.55
1597,-1.33
1598,-2.29
1599,-2.3
1600,-1.5
1601,-0.57
1602,0.63
1603,1.04
1604,-2.41
1605,-1.7
1606,-1.6
1607,-0.9
1608,-1.26
1609,0.39
1610,0.1
1611,0.13
1612,0.7
1613,0.73
1614,1.67
1615,2.19
1616,-2.09
1617,-0.1
1618,-0.33
1619,1.1
1620,0.81
1621,0.02
1622,-1.0
1623,-0.02
1624,-4.6
1625,0.07
1626,0.05
1627,-1.7
1628,-3.7
1629,-1.0
1630,-3.73
1631,-1.7
1632,-0.8
1633,-0.53
1634,-1.29
1635,-0.62
1636,-0.55
1637,0.14
1638,-1.39
1639,-1.77
1640,-0.4
1641,-1.79
1642,-0.29
1643,-0.86
1644,0.45
1645,-0.12
1646,-0.36
1647,-0.14
1648,-0.53
1649,-0.93
1650,-0.98
1651,-2.54
1652,-0.41
1653,-3.71
1654,-4.09
1655,-0.1
1656,-1.77
1657,-6.67
1658,-1.34
1659,-1.32
1660,-0.81
1661,-3.83
1662,0.0
1663,-1.29
1664,-3.59
1665,-2.22
1666,-0.93
1667,-3.78
1668,-2.7
1669,-0.35
1670,-0.6
1671,-0.12
1672,-3.73
1673,0.19
1674,0.05
1675,0.0
1676,-1.2
1677,0.91
1678,2.06
1679,1.32
1680,1.15
1681,0.43
1682,0.53
1683,-0.57
1684,-1.65
1685,-0.29
1686,0.07
1687,0.17
1688,-0.05
1689,0.48
1690,0.86
1691,0.07
1692,0.53
1693,0.07
1694,2.4
1695,0.89
1696,-0.14
1697,-1.75
1698,-1.6
1699,-1.12
1700,-1.51
1701,-1.44
1702,-0.86
1703,-2.3
1704,1.1
1705,-0.05
1706,-0.31
1707,-1.34
1708,-0.38
1709,-1.41
1710,-0.36
1711,-0.43
1712,-0.43
1713,-0.29
1714,-0.22
1715,0.45
1716,0.19
1717,0.65
1718,-0.33
1719,-0.07
1720,-0.38
1721,-0.24
1722,-1.0
1723,-0.67
1724,-0.89
1725,-0.5
1726,-0.36
1727,-2.8
1728,-0.5
1729,-2.5
1730,-2.49
1731,-0.19
1732,-2.32
1733,0.07
1734,-0.96
1735,-0.24
1736,-2.32
1737,0.7
1738,0.48
1739,-0.6
1740,0.5
1741,-2.6
1742,-2.1
1743,-0.7
1744,-1.5
1745,-1.0
1746,0.0
1747,-1.0
1748,-1.54
1749,-0.31
1750,-1.16
1751,-0.66
1752,-1.03
1753,-0.2
1754,0.7
1755,0.15
1756,0.3
1757,-0.2
1758,-0.09
1759,-0.89
1760,-0.8
1761,-0.74
1762,-2.7
1763,1.2
1764,-1.72
1765,-1.79
1766,0.2
1767,-1.22
1768,-4.53
1769,-0.7
1770,-1.3
1771,0.0
1772,-2.3
1773,-5.1
1774,0.0
1775,-2.6
1776,-2.9
1777,-5.0
1778,-5.11
1779,-4.67
1780,-2.22
1781,0.91
1782,-1.0
1783,1.39
1784,-3.92
1785,1.65
1786,-2.15
1787,0.96
1788,-2.13
1789,-1.46
1790,-0.6
1791,1.51
1792,1.32
1793,-3.32
1794,-1.96
1795,-1.58
1796,-0.86
1797,-1.32
1798,-0.79
1799,-0.14
1800,-2.82
1801,-3.4
1802,-3.3
1803,-2.92
1804,-0.26
1805,-2.56
1806,-1.27
1807,-0.43
1808,-0.05
1809,-1.63
1810,-4.9
1811,-1.89
1812,-3.01
1813,-5.38
1814,-3.73
1815,-2.12
1816,-1.69
1817,-0.64
1818,1.79
1819,-1.08
1820,-2.15
1821,-1.65
1822,-0.58
1823,-1.73
1824,-1.11
1825,-1.91
1826,-1.86
1827,-1.77
1828,-2.03
1829,-1.43
1830,-2.85
1831,-3.48
1832,0.12
1833,-1.47
1834,-0.2
1835,-0.95
1836,-0.88
1837,-1.94
1838,-0.44
1839,0.04
1840,0.59
1841,-0.83
1842,-0.2
1843,0.56
1844,0.48
1845,0.22
1846,0.51
1847,-0.19
1848,0.8
1849,0.59
1850,0.16
1851,0.32
1852,0.38
1853,0.38
1854,0.27
1855,0.67
1856,0.62
1857,0.15
1858,-0.39
1859,0.55
1860,0.78
1861,0.27
1862,0.41
1863,-0.24
1864,0.05
1865,0.54
1866,0.22
1867,0.23
1868,0.19
1869,0.44
1870,-4.0
1871,-4.0
1872,-4.0
1873,-4.0
1874,-4.0
1875,-4.0
1876,-4.0
1877,-4.0
1878,-4.0
1879,-4.0
1880,-4.0
1881,-4.0
1882,-4.0
1883,-2.33
1884,-4.0
1885,-2.41
1886,-4.0
1887,-4.0
1888,-2.6
1889,-1.85
1890,-1.46
1891,-3.19
1892,-0.67
1893,-2.81
1894,0.11
1895,-0.45
1896,-1.46
1897,-4.0
1898,-2.33
1899,-2.93
1900,-0.53
1901,-0.38
1902,0.02
1903,-2.0
1904,0.35
1905,0.46
1906,0.0
1907,-0.12
1908,-0.08
1909,0.07
1910,0.5
1911,0.51
1912,-0.04
1913,0.13
1914,0.54
1915,0.12
1916,0.29
1917,0.16
1918,0.33
1919,0.41
1920,-1.08
1921,-0.82
1922,-1.08
1923,-1.03
1924,-0.99
1925,-2.21
1926,-1.22
1927,-1.18
1928,-1.35
1929,0.21
1930,-2.93
1931,-1.21
1932,-1.47
1933,0.62
1934,-0.44
1935,-1.43
1936,-1.17
1937,0.4
1938,1.05
1939,-0.06
1940,-0.95
1941,-0.09
1942,0.28
1943,0.2
1944,0.29
1945,0.5
1946,0.49
1947,0.41
1948,0.41
1949,0.46
1950,-0.2
1951,0.3
1952,0.43
1953,0.12
1954,0.5
1955,0.82
1956,-0.16
1957,-4.0
1958,0.59
1959,0.55
1960,0.17
1961,0.46
1962,0.67
1963,-1.72
1964,0.72
1965,0.55
1966,0.56
1967,0.57
1968,0.59
1969,0.84
1970,-1.36
1971,-0.05
1972,-0.52
1973,-2.67
1974,-0.84
1975,-0.57
1976,-0.61
1977,-0.53
1978,-0.84
1979,0.47
1980,-4.0
1981,-0.38
1982,-1.72
1983,-0.2
1984,-0.8
1985,-0.51
1986,-1.31
1987,0.36
1988,0.69
1989,0.58
1990,0.25
1991,-0.17
1992,0.74
1993,0.33
1994,-0.33
1995,-0.75
1996,0.35
1997,0.9
1998,0.58
1999,0.18
2000,0.46
2001,-0.07
2002,-0.01
2003,0.35
2004,0.42
2005,-0.19
2006,0.57
2007,-0.22
2008,-0.25
2009,0.6
2010,0.13
2011,0.16
2012,0.72
2013,0.16
2014,-1.98
2015,0.87
2016,0.28
2017,0.17
2018,0.01
2019,0.92
2020,0.66
2021,0.05
2022,0.2
2023,0.84
2024,-1.47
2025,0.02
2026,0.93
2027,0.42
2028,0.37
2029,0.19
2030,0.64
2031,-0.78
2032,0.52
2033,0.72
2034,0.11
2035,0.65
2036,-0.09
2037,0.77
2038,0.41
2039,-0.72
2040,1.92
2041,0.01
2042,-4.0
2043,0.1
2044,0.83
2045,1.82
2046,0.93
2047,-1.64
2048,-4.0
2049,0.44
2050,0.44
2051,-0.36
2052,-1.04
2053,-0.91
2054,0.26
2055,0.68
2056,0.61
2057,0.63
2058,-0.88
2059,0.03
2060,1.19
2061,0.65
2062,0.61
2063,0.42
2064,0.25
2065,-1.26
2066,0.71
2067,0.55
2068,0.01
2069,0.13
2070,0.28
2071,0.69
2072,-0.18
2073,-0.1
2074,1.03
2075,-0.32
2076,-1.06
2077,0.02
2078,-1.04
2079,-0.14
2080,-0.29
2081,0.13
2082,-0.66
2083,0.21
2084,-1.34
2085,-0.17
2086,-0.2
2087,-0.25
2088,0.68
2089,-3.04
2090,-0.5
2091,-4.0
2092,-4.0
2093,-4.0
2094,-4.0
2095,-4.0
2096,-0.48
2097,-1.66
2098,-4.0
2099,-4.0
2100,-4.0
2101,-0.28
2102,-4.0
2103,-4.0
2104,-2.53
2105,0.91
2106,-4.0
2107,-4.0
2108,-4.0
2109,-4.0
2110,-2.66
2111,-0.24
2112,-4.0
2113,-2.53
2114,-2.71
2115,-4.0
2116,-1.72
2117,-4.0
2118,-4.0
2119,-4.0
2120,-4.0
2121,-2.99
2122,-0.34
2123,0.51
2124,0.1
2125,0.53
2126,0.67
2127,0.08
2128,0.81
2129,0.72
2130,1.25
2131,0.94
2132,0.03
2133,-0.88
2134,0.52
2135,0.87
2136,0.51
2137,0.39
2138,0.52
2139,0.24
2140,-0.29
2141,0.05
2142,-0.13
2143,-0.2
2144,0.5
2145,-1.44
2146,0.29
2147,0.04
2148,-0.47
2149,0.3
2150,-2.74
2151,0.19
2152,-0.42
2153,-0.17
2154,-1.01
2155,-1.31
2156,-0.43
2157,0.49
2158,1.3
2159,-4.0
2160,-4.0
2161,-2.32
2162,-4.0
2163,0.58
2164,-2.41
2165,-4.0
2166,0.19
2167,-4.0
2168,-4.0
2169,-4.0
2170,0.43
2171,-4.0
2172,-4.0
2173,-4.0
2174,-2.49
2175,-0.25
2176,-2.5
2177,-2.0
2178,0.0
2179,-1.22
2180,-0.59
2181,-1.23
2182,0.32
2183,-0.55
2184,-1.29
2185,-1.06
2186,-0.88
2187,0.03
2188,0.3
2189,-0.42
2190,-0.54
2191,-1.25
2192,-1.97
2193,-1.03
2194,-0.1
2195,-3.08
2196,-1.06
2197,-0.47
2198,-0.11
2199,-0.5
2200,-4.0
2201,-0.58
2202,-0.66
2203,-1.38
2204,0.49
2205,-0.21
2206,0.22
2207,-0.5
2208,0.55
2209,0.22
2210,-0.35
2211,0.15
2212,0.56
2213,0.72
2214,0.25
2215,0.1
2216,0.11
2217,0.65
2218,-0.13
2219,0.2
2220,0.41
2221,0.51
2222,0.21
2223,-0.45
2224,0.02
2225,0.64
2226,-0.35
2227,0.45
2228,0.23
2229,-0.06
2230,0.32
2231,0.01
2232,-0.99
2233,1.07
2234,0.33
2235,0.57
2236,0.25
2237,0.53
2238,0.69
2239,0.57
2240,0.1
2241,0.56
2242,0.27
2243,-0.01
2244,0.07
2245,0.72
2246,0.31
2247,0.58
2248,0.44
2249,-1.23
2250,0.61
2251,0.91
2252,0.36
2253,0.19
2254,0.23
2255,0.25
2256,-0.44
2257,-4.0
2258,-0.78
2259,-0.22
2260,-1.16
2261,-4.0
2262,0.19
2263,0.17
2264,0.39
2265,-0.58
2266,-4.0
2267,0.45
2268,-4.0
2269,-0.72
2270,-0.48
2271,0.19
2272,-0.48
2273,-0.34
2274,-2.05
2275,-1.36
2276,1.04
2277,-1.23
2278,0.74
2279,1.08
2280,-0.21
2281,0.49
2282,-0.21
2283,-4.0
2284,-0.17
2285,0.77
2286,0.18
2287,0.48
2288,-0.27
2289,0.82
2290,-0.45
2291,-1.33
2292,-1.09
2293,0.34
2294,-0.23
2295,0.82
2296,-1.52
2297,0.55
2298,-0.05
2299,0.38
2300,-4.0
2301,1.17
2302,0.76
2303,-0.29
2304,-1.17
2305,-1.35
2306,0.46
2307,-0.28
2308,-0.68
2309,-0.25
2310,1.26
2311,-0.28
2312,0.28
2313,0.99
2314,0.6
2315,0.34
2316,0.09
2317,-1.23
2318,0.14
2319,0.24
2320,-0.06
2321,0.42
2322,0.63
2323,1.78
2324,-2.01
2325,-4.0
2326,-4.0
2327,-0.47
2328,-4.0
2329,-4.0
2330,-1.34
2331,-4.0
2332,-0.68
2333,-4.0
2334,-1.65
2335,-4.0
2336,0.72
2337,-4.0
2338,-4.0
2339,-1.25
2340,-2.76
2341,-1.4
2342,-3.11
2343,-2.79
2344,0.26
2345,-4.0
2346,-1.59
2347,0.97
2348,-2.76
2349,0.5
2350,-4.0
2351,-2.88
2352,-1.54
2353,-2.07
2354,-1.79
2355,-1.14
2356,0.08
2357,-0.02
2358,0.59
2359,0.16
2360,0.75
2361,1.0
2362,0.11
2363,0.04
2364,0.68
2365,1.04
2366,0.85
2367,0.18
2368,-4.0
2369,0.84
2370,0.33
2371,0.76
2372,0.48
2373,0.42
2374,0.93
2375,0.36
2376,-1.12
2377,0.0
2378,1.01
2379,-0.94
2380,0.7
2381,0.57
2382,1.02
2383,0.95
2384,0.3
2385,-3.69
2386,0.94
2387,0.42
2388,0.22
2389,0.08
2390,0.48
2391,0.78
2392,-0.28
2393,0.19
2394,-0.01
2395,0.35
2396,-0.85
2397,0.24
2398,0.56
2399,0.45
2400,0.95
2401,0.37
2402,-1.45
2403,0.29
2404,0.64
2405,-0.04
2406,-0.61
2407,0.13
2408,0.21
2409,0.16
2410,0.05
2411,0.38
2412,-0.32
2413,-0.42
2414,-0.2
2415,0.11
2416,0.58
2417,0.14
2418,0.5
2419,-0.01
2420,0.61
2421,0.39
2422,0.2
2423,0.32
2424,-0.13
2425,-0.39
2426,0.24
2427,0.46
2428,0.46
2429,0.76
2430,-0.01
2431,0.42
2432,0.56
2433,0.35
2434,0.38
2435,0.39
2436,0.17
2437,-1.03
2438,0.59
2439,0.39
2440,0.3
2441,0.54
2442,0.3
2443,0.26
2444,-1.04
2445,-0.23
2446,1.85
2447,-1.21
2448,0.51
2449,1.01
2450,0.32
2451,0.97
2452,0.7
2453,-0.14
2454,-1.99
2455,0.33
2456,0.55
2457,0.01
2458,0.5
2459,1.31
2460,-0.21
2461,-0.32
2462,0.33
2463,0.68
2464,-1.05
2465,-0.05
2466,0.06
2467,-0.08
2468,-0.07
2469,0.06
2470,-0.13
2471,-2.08
2472,0.28
2473,0.21
2474,0.39
2475,0.18
2476,0.71
2477,0.22
2478,-1.79
2479,-0.67
2480,0.56
2481,-1.74
2482,-0.42
2483,0.84
2484,-0.95
2485,0.8
2486,0.62
2487,-0.87
2488,-4.0
2489,-0.59
2490,-0.44
2491,-0.78
2492,0.39
2493,0.16
2494,0.85
2495,0.23
2496,0.62
2497,0.39
2498,0.17
2499,0.67
2500,-0.35
2501,-0.08
2502,-0.06
2503,0.2
2504,0.02
2505,0.47
2506,0.03
2507,0.51
2508,-0.1
2509,0.1
2510,-0.47
2511,-0.55
2512,0.13
2513,0.3
2514,-0.67
2515,-0.13
2516,1.0
2517,0.31
2518,0.54
2519,1.0
2520,-0.14
2521,0.09
2522,0.06
2523,1.31
2524,0.15
2525,0.4
2526,-0.06
2527,0.27
2528,0.09
2529,-0.18
2530,0.31
2531,0.52
2532,0.21
2533,0.07
2534,-0.11
2535,0.0
2536,-4.0
2537,0.22
2538,0.11
2539,0.36
2540,-0.1
2541,0.4
2542,-0.86
2543,-0.84
2544,-0.35
2545,-0.69
2546,-0.91
2547,-0.47
2548,-0.33
2549,-0.03
2550,0.21
2551,-0.45
2552,0.07
2553,-4.0
2554,-0.39
2555,-0.47
2556,0.18
2557,-0.5
2558,-0.83
2559,-1.1
2560,-3.31
2561,-0.76
2562,-4.0
2563,-2.48
2564,-2.16
2565,-0.3
2566,-1.38
2567,-1.05
2568,-0.98
2569,-2.19
2570,-4.0
2571,-1.03
2572,-1.85
2573,-0.62
2574,-0.5
2575,-1.64
2576,-1.18
2577,-1.7
2578,-0.25
2579,-4.0
2580,-0.27
2581,-0.7
2582,-0.33
2583,-0.36
2584,-0.19
2585,-0.98
2586,-0.66
2587,-0.24
2588,-0.64
2589,-0.3
2590,-0.48
2591,0.34
2592,-4.0
2593,-0.04
2594,-0.13
2595,0.35
2596,-0.23
2597,-0.14
2598,0.42
2599,0.46
2600,0.76
2601,1.1
2602,0.19
2603,0.19
2604,0.54
2605,0.54
2606,0.41
2607,0.52
2608,0.5
2609,0.27
2610,0.51
2611,0.44
2612,0.13
2613,0.64
2614,0.14
2615,-0.22
2616,0.12
2617,0.59
2618,-0.91
2619,0.16
2620,0.68
2621,0.33
2622,0.29
2623,0.14
2624,-0.22
2625,0.38
2626,0.44
2627,-0.17
2628,0.41
2629,0.19
2630,-1.18
2631,-3.41
2632,-0.27
2633,0.67
2634,-2.29
2635,-1.57
2636,0.91
2637,-1.96
2638,0.27
2639,-0.27
2640,-4.0
2641,-2.31
2642,-1.52
2643,-2.04
2644,-1.7
2645,-1.28
2646,-0.42
2647,-0.1
2648,-2.67
2649,-4.0
2650,-1.64
2651,-4.0
2652,-4.0
2653,0.26
2654,-4.0
2655,-0.08
2656,-0.68
2657,-4.0
2658,0.42
2659,-2.91
2660,-4.0
2661,-1.54
2662,-1.68
2663,-1.73
2664,-1.77
2665,-4.0
2666,-1.74
2667,0.29
2668,-3.46
2669,-1.44
2670,-0.14
2671,-1.53
2672,-0.72
2673,-0.6
2674,-1.95
2675,-4.0
2676,-1.34
2677,-1.72
2678,-2.09
2679,-1.64
2680,-0.44
2681,-4.0
2682,-4.0
2683,-4.0
2684,0.55
2685,-1.44
2686,-4.0
2687,-3.29
2688,0.88
2689,-3.31
2690,-2.6
2691,-4.0
2692,-4.0
2693,-4.0
2694,-1.22
2695,-4.0
2696,-4.0
2697,-4.0
2698,-4.0
2699,-1.05
2700,-4.0
2701,-0.05
2702,-4.0
2703,-4.0
2704,-2.24
2705,-3.12
2706,-1.79
2707,-2.49
2708,-4.0
2709,-4.0
2710,-4.0
2711,-2.22
2712,-2.97
2713,-4.0
2714,-2.53
2715,1.39
2716,1.41
2717,2.1
2718,1.05
2719,0.94
2720,0.35
2721,1.39
2722,-0.15
2723,0.95
2724,-0.4
2725,-1.01
2726,1.44
2727,0.39
2728,-0.93
2729,1.5
2730,1.8
2731,1.4
2732,3.8
2733,1.8
2734,2.2
2735,0.35
2736,2.3
2737,-0.4
2738,-1.0
2739,-0.4
2740,0.0
2741,-0.8
2742,0.8
2743,0.9
2744,0.9
2745,2.5
2746,0.6
2747,1.6
2748,3.01
2749,2.1
2750,1.75
2751,0.84
2752,-0.54
2753,0.89
2754,1.0
2755,2.3
2756,-2.44
2757,1.0
2758,1.0
2759,1.0
2760,0.2
2761,-0.7
2762,0.5
2763,-0.6
2764,0.6
2765,-1.2
2766,0.4
2767,-0.3
2768,-0.2
2769,-0.3
2770,-0.47
2771,0.98
2772,-0.21
2773,1.18
2774,-3.11
2775,-1.38
2776,1.1
2777,-2.6
2778,-0.4
2779,-2.5
2780,-2.6
2781,-2.2
2782,-0.1
2783,-0.46
2784,-2.81
2785,-1.48
2786,-0.97
2787,-0.6
2788,0.19
2789,-1.46
2790,0.16
2791,-0.57
2792,-0.4
2793,0.31
2794,-0.32
2795,1.38
2796,1.94
2797,1.93
2798,2.35
2799,0.89
2800,-0.76
2801,-0.97
2802,-0.19
2803,-0.77
2804,-1.12
2805,-0.81
2806,-2.84
2807,-0.36
2808,-3.56
2809,-0.16
2810,-0.21
2811,-1.35
2812,-3.91
2813,-2.55
2814,-2.89
2815,-2.93
2816,-3.02
2817,-1.68
2818,0.41
2819,-1.1
2820,-0.5
2821,0.1
2822,1.1
2823,-0.9
2824,0.0
2825,-3.76
2826,-3.39
2827,-3.17
2828,-0.77
2829,-1.2
2830,-0.26
2831,-0.62
2832,-2.08
2833,-1.6
2834,-1.77
2835,0.94
2836,-4.9
2837,-3.6
2838,-4.08
2839,-3.67
2840,-4.73
2841,-3.54
2842,-4.87
2843,-3.07
2844,-0.93
2845,1.24
2846,-0.14
2847,0.74
2848,0.3
2849,0.8
2850,1.0
2851,-0.1
2852,2.0
2853,0.9
2854,-0.8
2855,0.9
2856,-0.1
2857,0.6
2858,0.8
2859,-1.6
2860,1.8
2861,0.8
2862,1.0
2863,-0.4
2864,-0.4
2865,-0.4
2866,0.2
2867,-0.43
2868,-0.44
2869,-2.2
2870,-1.9
2871,0.2
2872,-4.38
2873,-1.79
2874,-0.8
2875,-2.85
2876,-2.2
2877,-0.08
2878,-2.99
2879,-4.81
2880,-2.2
2881,-0.43
2882,0.6
2883,-3.2
2884,-3.3
2885,-2.7
2886,-2.2
2887,-2.1
2888,-4.2
2889,-0.44
2890,-0.7
2891,-0.67
2892,-1.18
2893,-1.92
2894,-2.78
2895,-3.8
2896,-2.58
2897,-4.87
2898,-1.95
2899,-1.09
2900,-2.85
2901,-1.3
2902,-2.37
2903,-2.03
2904,-3.5
2905,-3.54
2906,-0.5
2907,-0.29
2908,-0.27
2909,-1.0
2910,-1.0
2911,-1.3
2912,1.3
2913,-2.36
2914,-1.36
2915,-1.8
2916,-1.5
2917,0.25
2918,-0.06
2919,-0.06
2920,-0.36
2921,-0.53
2922,-0.04
2923,-1.08
2924,-0.35
2925,0.55
2926,-0.45
2927,0.21
2928,-0.43
2929,-0.37
2930,-0.47
2931,-0.12
2932,-0.4
2933,-0.82
2934,-1.0
2935,1.6
2936,-3.68
2937,-3.65
2938,-2.93
2939,-3.02
2940,-2.29
2941,-3.43
2942,-2.94
2943,-3.52
2944,-2.9
2945,-0.22
2946,-3.27
2947,-0.6
2948,-0.4
2949,-0.8
2950,-1.5
2951,-1.3
2952,-0.6
2953,-0.7
2954,-0.2
2955,-1.4
2956,-1.6
2957,0.5
2958,0.05
2959,0.09
2960,-1.74
2961,-2.46
2962,-1.27
2963,0.0
2964,-1.91
2965,-0.02
2966,-0.18
2967,-1.34
2968,-0.61
2969,-1.59
2970,-0.21
2971,0.31
2972,-1.2
2973,-0.1
2974,1.3
2975,-1.15
2976,1.23
2977,-0.44
2978,-0.56
2979,-0.33
2980,-0.9
2981,-0.26
2982,-0.72
2983,-0.46
2984,-0.32
2985,-1.05
2986,-1.1
2987,-1.58
2988,-2.08
2989,-3.04
2990,-0.68
2991,-1.08
2992,-1.65
2993,-1.98
2994,-1.56
2995,-2.26
2996,-0.2
2997,-0.2
2998,-1.7
2999,-2.0
3000,-2.8
3001,-1.9
3002,-2.3
3003,0.2
3004,-1.73
3005,0.0
3006,-2.87
3007,-0.1
3008,-2.16
3009,-2.64
3010,-2.59
3011,-1.96
3012,-2.31
3013,-2.3
3014,-2.52
3015,-1.98
3016,-1.2
3017,-0.97
3018,-0.62
3019,-0.4
3020,0.4
3021,-0.66
3022,-0.25
3023,-0.27
3024,-1.18
3025,-2.36
3026,-1.43
3027,-2.03
3028,-2.01
3029,-0.91
3030,-0.99
3031,0.57
3032,-1.8
3033,-1.62
3034,-0.41
3035,-0.5
3036,-1.9
3037,-0.38
3038,-0.98
3039,-0.46
3040,-1.05
3041,-0.75
3042,-2.41
3043,-0.38
3044,-1.02
3045,-1.4
3046,0.2
3047,-1.6
3048,-1.3
3049,-1.27
3050,0.68
3051,-1.63
3052,-2.29
3053,-0.99
3054,-2.71
3055,-0.97
3056,-3.02
3057,-1.7
3058,-0.74
3059,-3.38
3060,-1.64
3061,-0.6
3062,-2.0
3063,-2.4
3064,-1.1
3065,-1.9
3066,-2.0
3067,-0.8
3068,-2.1
3069,-1.3
3070,-2.0
3071,-0.5
3072,-1.78
3073,-2.84
3074,-0.71
3075,-0.63
3076,-0.8
3077,0.0
3078,-1.2
3079,-0.7
3080,-1.6
3081,-0.71
3082,-2.02
3083,-1.9
3084,-1.68
3085,-1.25
3086,-1.41
3087,0.11
3088,-0.37
3089,-0.73
3090,-0.18
3091,-1.65
3092,-1.1
3093,-2.27
3094,-2.59
3095,-2.34
3096,-0.7
3097,-3.65
3098,0.2
3099,-0.1
3100,-0.52
3101,-2.4
3102,-0.6
3103,-0.4
3104,-1.0
3105,0.44
3106,-0.92
3107,-0.84
3108,0.03
3109,0.07
3110,-0.4
3111,-5.2
3112,-5.3
3113,-2.8
3114,-6.2
3115,0.0
3116,-1.0
3117,-5.1
3118,-6.5
3119,-6.6
3120,0.05
3121,-0.2
3122,0.05
3123,-6.6
3124,-5.8
3125,-7.2
3126,-7.0
3127,-2.9
3128,-5.4
3129,-1.2
3130,-5.2
3131,0.8
3132,0.3
3133,1.17
3134,0.2
3135,1.1
3136,-0.4
3137,-0.6
3138,-1.0
3139,-0.55
3140,-1.6
3141,0.1
3142,-0.4
3143,-0.6
3144,-0.3
3145,-0.1
3146,0.0
3147,-1.0
3148,-6.5
3149,-5.6
3150,-6.6
3151,-5.4
3152,-5.0
3153,-5.1
3154,-5.4
3155,-5.0
3156,-5.47
3157,-6.1
3158,-5.3
3159,-6.7
3160,-5.3
3161,-6.5
3162,-7.5
3163,0.3
3164,0.48
3165,1.07
3166,0.45
3167,1.25
3168,0.72
3169,-2.67
3170,-0.92
3171,1.55
3172,-0.14
3173,-5.42
3174,-2.74
3175,0.02
3176,-3.58
3177,-0.28
3178,-1.63
3179,-0.37
3180,-3.3
3181,-0.8
3182,-2.4
3183,-1.91
3184,-0.88
3185,-2.1
3186,-4.13
3187,-2.88
3188,-3.96
3189,-2.81
3190,-2.72
3191,-1.72
3192,-0.5
3193,-0.92
3194,-0.1
3195,-0.27
3196,-2.58
3197,-2.0
3198,-1.26
3199,-3.4
3200,-1.9
3201,-1.4
3202,-2.69
3203,-3.96
3204,-0.4
3205,-1.21
3206,-4.06
3207,-3.09
3208,-2.08
3209,-3.83
3210,-2.7
3211,-2.7
3212,-3.23
3213,-4.88
3214,-2.15
3215,-4.45
3216,-0.4
3217,-0.8
3218,-2.2
3219,-0.2
3220,-2.0
3221,0.3
3222,-1.9
3223,-2.2
3224,-2.4
3225,-1.0
3226,-0.48
3227,0.11
3228,-0.41
3229,-0.42
3230,-0.21
3231,-1.9
3232,-2.1
3233,-0.7
3234,-0.38
3235,-0.19
3236,0.16
3237,-2.94
3238,-0.43
3239,0.22
3240,0.05
3241,-4.78
3242,-4.54
3243,-4.1
3244,-1.21
3245,-3.07
3246,-4.12
3247,-3.19
3248,-3.29
3249,-2.98
3250,0.35
3251,-0.1
3252,0.3
3253,-3.18
3254,1.49
3255,0.92
3256,-4.49
3257,0.24
3258,0.11
3259,-1.27
3260,-0.43
3261,-0.22
3262,-0.73
3263,-3.01
3264,-1.94
3265,-1.95
3266,0.4
3267,-0.35
3268,-3.3
3269,-0.32
3270,-0.13
3271,-0.08
3272,-3.5
3273,-3.88
3274,0.49
3275,-3.98
3276,0.27
3277,-0.08
3278,0.46
3279,0.77
3280,0.55
3281,-1.91
3282,-1.48
3283,-1.67
3284,0.53
3285,0.26
3286,1.63
3287,-0.33
3288,-0.7
3289,-2.3
3290,-1.93
3291,-1.12
3292,-0.3
3293,-2.07
3294,-0.94
3295,-2.51
3296,-0.4
3297,-1.02
3298,-0.62
3299,-1.57
3300,-1.21
3301,-0.09
3302,-0.4
3303,-0.3
3304,0.11
3305,-0.74
3306,-2.1
3307,-1.04
3308,-2.71
3309,-1.37
3310,-0.42
3311,-1.1
3312,-0.9
3313,-0.08
3314,-1.23
3315,-0.37
3316,-1.57
3317,0.31
3318,-0.8
3319,0.0
3320,-1.04
3321,-0.02
3322,-0.02
3323,-0.4
3324,-0.54
3325,-0.99
3326,0.1
3327,-3.28
3328,0.51
3329,0.0
3330,-0.31
3331,0.3
3332,-2.46
3333,-0.31
3334,-0.72
3335,-2.12
3336,-1.02
3337,-0.77
3338,1.02
3339,0.32
3340,-2.12
3341,-3.32
3342,-2.33
3343,-0.85
3344,-0.28
3345,-1.0
3346,-1.18
3347,-0.62
3348,0.08
3349,-1.5
3350,0.0
3351,0.0
3352,-1.5
3353,-0.32
3354,-0.53
3355,-1.6
3356,-2.15
3357,-1.36
3358,-2.27
3359,-1.34
3360,-1.03
3361,-1.72
3362,-1.12
3363,-0.69
3364,-1.58
3365,-1.41
3366,-1.32
3367,-0.64
3368,1.4
3369,-1.17
3370,-0.8
3371,-0.15
3372,1.05
3373,-1.95
3374,3.4
3375,0.2
3376,-4.42
3377,-0.1
3378,-1.28
3379,-4.01
3380,-2.99
3381,-4.07
3382,-0.6
3383,-1.3
3384,-1.5
3385,-0.8
3386,0.9
3387,1.5
3388,1.0
3389,-1.97
3390,-2.38
3391,-2.61
3392,-4.15
3393,-1.41
3394,-3.2
3395,-2.34
3396,-1.6
3397,-1.57
3398,1.3
3399,-4.52
3400,-1.92
3401,-1.3
3402,-4.79
3403,-3.48
3404,-0.2
3405,-0.17
3406,-1.0
3407,-1.32
3408,-1.86
3409,-1.92
3410,-2.83
3411,-1.44
3412,-1.6
3413,-3.73
3414,-3.88
3415,-3.48
3416,-1.5
3417,-2.97
3418,-2.91
3419,-2.25
3420,-3.26
3421,-3.61
3422,-3.42
3423,-0.85
3424,0.52
3425,-2.36
3426,0.48
3427,0.75
3428,0.76
3429,1.11
3430,0.03
3431,-0.05
3432,0.06
3433,-0.22
3434,-0.9
3435,-1.3
3436,-0.65
3437,0.4
3438,1.5
3439,1.3
3440,3.59
3441,0.0
3442,0.5
3443,1.3
3444,0.6
3445,-2.28
3446,-1.9
3447,-0.56
3448,-1.79
3449,-1.05
3450,-1.7
3451,-1.83
3452,-1.07
3453,-1.4
3454,0.36
3455,-0.3
3456,-0.17
3457,-0.01
3458,-1.0
3459,-1.0
3460,-1.7
3461,-1.3
3462,-0.8
3463,-3.1
3464,-2.3
3465,-0.3
3466,-1.4
3467,-1.3
3468,-0.5
3469,2.5
3470,2.7
3471,-1.9
3472,-1.0
3473,3.4
3474,-1.0
3475,0.8
3476,-0.8
3477,-1.5
3478,-1.5
3479,0.0
3480,-0.6
3481,-1.5
3482,-1.0
3483,-1.0
3484,-4.0
3485,-3.2
3486,-0.2
3487,-1.5
3488,-0.8
3489,-3.5
3490,-1.09
3491,-0.96
3492,-0.8
3493,-3.41
3494,0.0
3495,-0.47
3496,-0.62
3497,0.6
3498,-0.52
3499,-0.55
3500,-0.29
3501,-0.74
3502,-1.07
3503,-0.47
3504,-0.32
3505,-0.6
3506,-3.84
3507,-2.05
3508,-2.39
3509,-1.96
3510,-1.17
3511,-3.84
3512,-3.2
3513,-1.2
3514,-1.09
3515,-2.12
3516,0.08
3517,-0.03
3518,-4.25
3519,0.21
3520,-0.55
3521,-0.67
3522,0.42
3523,-0.7
3524,-2.32
3525,-0.18
3526,-1.18
3527,-0.65
3528,-3.19
3529,0.0
3530,-2.64
3531,-1.33
3532,-1.38
3533,-2.16
3534,-0.26
3535,-0.67
3536,-3.82
3537,-0.83
3538,-1.21
3539,-1.57
3540,-1.76
3541,-0.17
3542,-3.34
3543,-0.02
3544,-0.6
3545,0.3
3546,-0.58
3547,-1.21
3548,-0.6
3549,-0.89
3550,-0.8
3551,-0.85
3552,0.23
3553,-0.02
3554,-0.76
3555,-0.69
3556,-0.46
3557,-0.64
3558,-1.03
3559,-1.47
3560,-4.88
3561,-1.95
3562,-3.3
3563,-3.5
3564,-2.85
3565,-1.65
3566,-0.64
3567,-1.25
3568,-2.0
3569,-2.3
3570,-2.4
3571,-2.7
3572,-0.8
3573,0.8
3574,1.4
3575,-1.0
3576,0.02
3577,1.36
3578,0.38
3579,-0.17
3580,0.36
3581,0.24
3582,-0.31
3583,1.05
3584,-0.2
3585,-0.41
3586,0.29
3587,-1.3
3588,-0.7
3589,-2.1
3590,-1.0
3591,-0.1
3592,-4.31
3593,-2.87
3594,-4.31
3595,-4.55
3596,0.3
3597,-0.6
3598,0.3
3599,-3.2
3600,-3.7
3601,-2.3
3602,-0.5
3603,-0.4
3604,-4.6
3605,-0.72
3606,-0.3
3607,0.1
3608,-0.2
3609,0.1
3610,-2.5
3611,-3.83
3612,-5.02
3613,0.3
3614,-0.7
3615,-5.02
3616,0.2
3617,-0.3
3618,1.3
3619,0.7
3620,0.9
3621,-0.95
3622,-2.7
3623,-1.4
3624,1.1
3625,1.7
3626,0.1
3627,1.6
3628,-0.1
3629,0.16
3630,-1.16
3631,0.6
3632,0.01
3633,-3.11
3634,-0.2
3635,0.3
3636,-0.6
3637,-1.8
3638,-1.9
3639,0.3
3640,0.3
3641,-4.07
3642,0.1
3643,-1.5
3644,-2.63
3645,-1.2
3646,-4.0
3647,-2.1
3648,-3.1
3649,-2.6
3650,-0.7
3651,-3.2
3652,-2.0
3653,-1.1
3654,-2.1
3655,0.4
3656,-0.9
3657,-2.53
3658,-1.7
3659,-2.3
3660,-0.4
3661,-2.8
3662,-2.3
3663,-3.2
3664,-3.4
3665,-3.11
3666,-1.5
3667,-0.1
3668,-1.0
3669,-0.7
3670,0.5
3671,-1.03
3672,-0.56
3673,-0.1
3674,0.0
3675,-0.4
3676,-0.7
3677,-1.3
3678,-0.8
3679,-4.3
3680,-5.7
3681,-0.4
3682,-3.0
3683,-0.9
3684,-2.8
3685,-1.86
3686,-1.9
3687,-0.8
3688,-0.3
3689,-6.3
3690,-1.5
3691,-0.6
3692,-2.0
3693,-6.0
3694,-3.0
3695,-3.4
3696,0.5
3697,-0.2
3698,-1.6
3699,0.5
3700,-4.78
3701,-2.8
3702,-1.5
3703,0.17
3704,0.6
3705,1.3
3706,1.2
3707,1.5
3708,0.5
3709,0.5
3710,0.3
3711,-0.21
3712,0.32
3713,0.4
3714,-0.8
3715,-0.6
3716,-1.0
3717,0.0
3718,-0.4
3719,-1.91
3720,-0.6
3721,-1.1
3722,-3.11
3723,-1.2
3724,-0.24
3725,-0.22
3726,0.4
3727,-2.9
3728,-0.18
3729,-0.3
3730,0.1
3731,-3.0
3732,0.0
3733,-1.1
3734,-0.2
3735,1.27
3736,1.1
3737,1.7
3738,2.0
3739,-0.77
3740,0.6
3741,0.0
3742,-0.11
3743,-0.11
3744,0.0
3745,0.06
3746,-0.53
3747,0.04
3748,0.31
3749,0.2
3750,0.39
3751,0.33
3752,-0.14
3753,-3.03
3754,0.27
3755,0.24
3756,0.01
3757,0.1
3758,0.05
3759,0.19
3760,-1.1
3761,0.6
3762,0.1
3763,-0.14
3764,0.3
3765,0.4
3766,-1.5
3767,-0.5
3768,-0.4
3769,-2.0
3770,0.2
3771,-0.5
3772,-1.3
3773,-2.39
3774,-0.8
3775,-4.07
3776,-1.1
3777,-2.1
3778,-1.2
3779,-1.7
3780,-1.2
3781,0.3
3782,-0.66
3783,-1.2
3784,0.6
3785,-0.2
3786,-1.5
3787,-1.2
3788,-1.6
3789,-1.1
3790,-0.2
3791,-1.5
3792,-1.2
3793,-1.69
3794,-0.85
3795,0.39
3796,0.08
3797,0.2
3798,-0.68
3799,0.16
3800,0.09
3801,0.12
3802,-0.05
3803,-0.12
3804,-2.0
3805,-4.9
3806,-4.4
3807,-3.0
3808,-1.5
3809,-1.3
3810,-1.6
3811,-1.8
3812,-5.74
3813,-2.87
3814,-5.5
3815,-4.55
3816,0.0
3817,0.88
3818,0.8
3819,-1.9
3820,-1.5
3821,-2.7
3822,-3.6
3823,1.9
3824,-5.9
3825,1.3
3826,0.5
3827,-1.8
3828,-1.6
3829,-1.2
3830,-1.8
3831,-0.8
3832,1.7
3833,-2.3
3834,3.4
3835,1.04
3836,1.65
3837,0.99
3838,1.95
3839,1.42
3840,0.86
3841,1.9
3842,1.27
3843,1.51
3844,0.81
3845,1.32
3846,1.08
3847,1.08
3848,1.12
3849,0.65
3850,0.25
3851,0.89
3852,-0.4
3853,1.1
3854,0.74
3855,-0.22
3856,-0.23
3857,-0.05
3858,0.15
3859,0.5
3860,-0.9
3861,-1.87
3862,0.17
3863,-0.32
3864,0.44
3865,-0.17
3866,1.1
3867,0.36
3868,0.07
3869,-2.1
3870,-3.1
3871,-3.9
3872,-1.4
3873,-0.2
3874,0.03
3875,0.0
3876,0.1
3877,1.9
3878,0.9
3879,-2.2
3880,-0.6
3881,0.24
3882,0.3
3883,-2.2
3884,0.44
3885,0.19
3886,-2.2
3887,-1.0
3888,0.1
3889,1.29
3890,-3.4
3891,0.6
3892,0.9
3893,-0.7
3894,0.31
3895,-3.5
3896,-3.03
3897,3.7
3898,3.37
3899,-2.7
3900,-1.95
3901,-2.0
3902,-0.1
3903,1.4
3904,-3.9
3905,-1.03
3906,2.1
3907,-0.72
3908,0.1
3909,-3.15
3910,-0.3
3911,2.2
3912,-0.3
3913,2.4
3914,-1.7
3915,1.3
3916,8.0
3917,-0.9
3918,6.2
3919,4.55
3920,-0.6
3921,-0.6
3922,-2.5
3923,-1.4
3924,0.0
3925,3.2
3926,1.1
3927,0.0
3928,-0.65
3929,-1.2
3930,-0.55
3931,0.2
3932,-1.35
3933,1.7
3934,0.1
3935,-1.1
3936,-1.0
3937,-1.8
3938,-2.5
3939,-1.6
3940,-0.2
3941,-2.1
3942,1.05
3943,0.11
3944,0.16
3945,0.25
3946,-0.09
3947,0.96
3948,0.0
3949,0.0
3950,-0.24
3951,-0.31
3952,-1.4
3953,-0.14
3954,0.11
3955,-0.95
3956,-1.26
3957,-1.01
3958,-0.71
3959,-1.01
3960,-1.13
3961,-1.12
3962,-1.37
3963,-0.2
3964,-1.26
3965,-3.08
3966,-1.0
3967,-1.2
3968,-3.1
3969,-2.6
3970,-3.0
3971,-3.1
3972,-4.2
3973,-2.0
3974,-2.6
3975,-7.8
3976,0.0
3977,-2.0
3978,-4.31
3979,0.5
3980,0.0
3981,0.2
3982,0.2
3983,0.0
3984,-0.9
3985,-0.6
3986,0.8
3987,-2.7
3988,0.0
3989,-1.12
3990,-0.84
3991,-2.56
3992,-2.46
3993,-1.06
3994,-1.88
3995,-1.13
3996,-2.19
3997,-1.62
3998,-2.32
3999,-6.82
4000,-1.89
4001,0.15
4002,-1.84
4003,0.55
4004,1.6
4005,1.05
4006,-0.06
4007,-0.94
4008,0.35
4009,-0.25
4010,-0.66
4011,-6.78
4012,-5.69
4013,-0.84
4014,-2.21
4015,-5.92
4016,0.6
4017,1.9
4018,1.1
4019,0.5
4020,0.4
4021,1.0
4022,-1.9
4023,-1.2
4024,1.4
4025,1.8
4026,1.2
4027,-4.78
4028,0.76
4029,0.0
4030,0.72
4031,0.45
4032,0.19
4033,0.04
4034,-2.4
4035,-0.08
4036,0.27
4037,0.87
4038,1.77
4039,-0.61
4040,0.48
4041,0.19
4042,-0.45
4043,0.02
4044,-0.1
4045,0.38
4046,-0.04
4047,-1.46
4048,1.92
4049,-0.96
4050,1.27
4051,-0.38
4052,0.76
4053,-4.4
4054,-2.46
4055,-0.45
4056,-2.27
4057,-4.96
4058,-0.91
4059,-1.18
4060,-0.9
4061,-0.9
4062,-6.7
4063,-0.24
4064,0.28
4065,-0.57
4066,0.24
4067,-1.06
4068,-0.84
4069,-0.38
4070,-2.15
4071,-0.45
4072,0.68
4073,-0.15
4074,-0.04
4075,0.23
4076,-0.15
4077,-2.31
4078,0.99
4079,-0.08
4080,-3.07
4081,-2.0
4082,-2.2
4083,-0.27
4084,-3.44
4085,-1.31
4086,-5.02
4087,-2.63
4088,-1.67
4089,-1.79
4090,-1.67
4091,-0.96
4092,-3.38
4093,-3.59
4094,0.27
4095,1.87
4096,2.2
4097,1.8
4098,0.27
4099,1.27
4100,0.73
4101,0.93
4102,0.6
4103,-0.07
4104,-0.9
4105,-3.21
4106,-2.7
4107,1.0
4108,0.1
4109,-0.14
4110,-2.46
4111,-0.33
4112,-2.13
4113,-1.44
4114,-4.62
4115,-0.17
4116,-0.5
4117,-0.26
4118,-1.11
4119,-0.2
4120,-0.17
4121,0.23
4122,-0.34
4123,-1.0
4124,-0.7
4125,-0.6
4126,-0.7
4127,-0.9
4128,-0.8
4129,-0.8
4130,-0.2
4131,-0.3
4132,-0.3
4133,-0.7
4134,-0.5
4135,-0.1
4136,-0.4
4137,-0.8
4138,-0.9
4139,-1.0
4140,-0.8
4141,-0.65
4142,0.1
4143,-1.17
4144,-0.97
4145,-4.11
4146,-1.25
4147,0.0
4148,-1.23
4149,-2.5
4150,-5.4
4151,-3.12
4152,-3.39
4153,-3.12
4154,-2.75
4155,-2.42
4156,-3.2
4157,-3.37
4158,0.5
4159,-1.85
4160,-2.56
4161,-1.68
4162,-1.6
4163,-1.17
4164,-2.28
4165,-2.1
4166,-3.5
4167,-1.1
4168,-1.4
4169,-0.6
4170,-4.7
4171,-1.1
4172,-3.1
4173,-0.6
4174,-0.3
4175,-1.9
4176,-0.8
4177,-7.4
4178,-0.3
4179,-5.7
4180,0.9
4181,0.2
4182,-1.3
4183,-7.0
4184,-2.5
4185,-4.7
4186,-2.2
4187,-2.5
4188,-2.7
4189,0.5
4190,-1.9
4191,-1.6
4192,-2.0
4193,-0.2
4194,-0.2
4195,-1.6
4196,1.0
4197,0.1
4198,-0.98
4199,-0.4
4200,-3.13
4201,-2.72
4202,-2.5
4203,-4.13
4204,0.41
4205,0.4
4206,-0.45
4207,-0.12
4208,-2.8
4209,-2.2
4210,-0.27
4211,-1.66
4212,-0.08
4213,0.3
4214,-2.7
4215,-3.4
4216,-2.5
4217,-1.3
4218,-1.1
4219,-1.8
4220,-2.4
4221,0.0
4222,-0.41
4223,-6.4
4224,-0.3
4225,-2.57
4226,0.0
4227,-6.6
4228,0.3
4229,-0.3
4230,1.71
4231,1.17
4232,0.43
4233,2.2
4234,-0.37
4235,0.14
4236,0.75
4237,4.88
4238,3.01
4239,0.4
4240,0.15
4241,0.27
4242,0.17
4243,0.33
4244,0.38
4245,-0.02
4246,0.17
4247,0.02
4248,0.22
4249,0.43
4250,1.37
4251,1.86
4252,0.74
4253,0.09
4254,0.76
4255,0.36
4256,-0.65
4257,0.5
4258,2.79
4259,-0.3
4260,-0.5
4261,-0.7
4262,-3.1
4263,-2.4
4264,2.07
4265,2.0
4266,-0.2
4267,-2.8
4268,-2.7
4269,4.61
4270,3.3
4271,2.8
4272,4.1
4273,0.5
4274,-3.5
4275,-1.1
4276,0.9
4277,-0.9
4278,3.3
4279,-0.3
4280,3.0
4281,1.8
4282,2.3
4283,2.7
4284,1.8
4285,2.7
4286,2.3
4287,2.9
4288,-1.2
4289,-2.3
4290,1.1
4291,0.0
4292,-2.2
4293,-1.5
4294,-2.3
4295,1.0
4296,0.3
4297,-1.0
4298,0.3
4299,-1.4
4300,-1.9
4301,-1.7
4302,0.0
4303,0.0
4304,-0.2
4305,-1.7
4306,-0.9
4307,-1.3
4308,-0.5
4309,-4.4
4310,0.4
4311,-0.2
4312,-2.3
4313,-3.6
4314,-0.6
4315,-1.5
4316,-1.2
4317,-0.3
4318,-2.19
4319,-4.68
4320,-4.71
4321,-4.1
4322,-3.1
4323,-6.12
4324,-2.53
4325,-0.74
4326,-0.74
4327,-0.57
4328,-0.37
4329,-6.36
4330,-3.21
4331,-4.55
4332,0.46
4333,-2.5
4334,-2.8
4335,-7.29
4336,-7.35
4337,-5.52
4338,0.95
4339,1.25
4340,1.05
4341,-0.12
4342,-0.6
4343,-0.4
4344,-4.5
4345,-1.1
4346,-0.7
4347,0.5
4348,-0.5
4349,-0.9
4350,-2.6
4351,-3.5
4352,-4.6
4353,-0.2
4354,-1.0
4355,-1.1
4356,-1.6
4357,-0.4
4358,-0.7
4359,-5.0
4360,0.8
4361,0.5
4362,-7.4
4363,-0.7
4364,-4.4
4365,-6.6
4366,-1.3
4367,0.8
4368,1.1
4369,-0.9
4370,-1.6
4371,2.8
4372,1.0
4373,-7.7
4374,-4.6
4375,-1.4
4376,-5.2
4377,-3.5
4378,-6.1
4379,-4.1
4380,-1.9
4381,-5.7
4382,-2.9
4383,-3.7
4384,-5.1
4385,-0.2
4386,-2.1
4387,-0.2
4388,1.6
4389,-1.2
4390,-0.8
4391,1.2
4392,-1.5
4393,-3.7
4394,-1.6
4395,-0.8
4396,-0.7
4397,1.3
4398,-0.3
4399,-0.6
4400,-2.2
4401,-1.4
4402,-2.7
4403,-5.3
4404,-2.1
4405,-1.6
4406,-2.1
4407,-0.1
4408,-3.0
4409,-3.5
4410,-4.1
4411,-5.0
4412,-3.5
4413,-0.4
4414,-0.4
4415,-0.6
4416,-0.08
4417,0.01
4418,-0.8
4419,-0.86
4420,0.08
4421,0.33
4422,0.46
4423,0.2
4424,0.44
4425,-0.05
4426,-0.69
4427,-0.23
4428,-0.59
4429,-0.62
4430,0.14
4431,-0.97
4432,-0.17
4433,0.6
4434,0.1
4435,-1.57
4436,-1.81
4437,0.42
4438,-0.36
4439,-2.52
4440,-1.02
4441,-1.68
4442,0.18
4443,-0.86
4444,0.27
4445,-3.1
4446,-1.02
4447,-3.7
4448,-3.66
4449,-1.09
4450,-1.69
4451,-1.14
4452,-2.47
4453,-1.06
4454,-2.23
4455,-1.52
4456,-4.83
4457,0.27
4458,-0.62
4459,-1.91
4460,0.33
4461,0.4
4462,0.75
4463,0.55
4464,0.31
4465,-0.08
4466,-1.88
4467,-0.68
4468,-3.52
4469,-1.34
4470,-1.16
4471,-0.32
4472,0.04
4473,-2.43
4474,-1.51
4475,-3.24
4476,-0.38
4477,-1.45
4478,-3.5
4479,-1.15
4480,-1.8
4481,-2.7
4482,0.7
4483,-0.5
4484,1.4
4485,-2.0
4486,-0.4
4487,-0.8
4488,-0.6
4489,-1.2
4490,-0.3
4491,-1.0
4492,0.2
4493,-0.1
4494,-0.05
4495,0.0
4496,-3.1
4497,-0.44
4498,-0.5
4499,0.0
4500,-0.3
4501,0.5
4502,-1.5
4503,0.0
4504,-2.3
4505,-0.3
4506,-2.1
4507,-1.8
4508,-2.1
4509,0.5
4510,0.3
4511,0.7
4512,-1.1
4513,-3.2
4514,3.7
4515,4.55
4516,2.4
4517,4.55
4518,0.7
4519,-0.55
4520,-0.81
4521,-0.19
4522,-0.32
4523,-0.77
4524,-0.55
4525,1.91
4526,1.48
4527,1.67
4528,-0.53
4529,-0.26
4530,-1.63
4531,0.33
4532,0.18
4533,1.02
4534,1.2
4535,1.59
4536,1.0
4537,1.4
4538,1.18
4539,1.03
4540,-0.48
4541,0.05
4542,2.6
4543,1.8
4544,1.1
4545,1.1
4546,1.1
4547,0.2
4548,1.2
4549,0.1
4550,1.3
4551,-0.7
4552,0.3
4553,-0.1
4554,1.1
4555,3.7
4556,1.3
4557,2.8
4558,-0.5
4559,1.4
4560,2.3
4561,3.6
4562,1.6
4563,2.8
4564,0.6
4565,2.0
4566,0.6
4567,0.0
4568,-0.4
4569,0.5
4570,0.1
4571,1.4
4572,0.4
4573,1.3
4574,0.2
4575,2.8
4576,3.8
4577,2.4
4578,2.8
4579,3.8
4580,2.2
4581,-0.2
4582,0.4
4583,-0.4
4584,-0.4
4585,0.7
4586,-0.5
4587,1.3
4588,1.4
4589,0.7
4590,1.8
4591,0.0
4592,1.3
4593,0.0
4594,0.3
4595,1.9
4596,-0.3
4597,0.6
4598,-0.5
4599,0.5
4600,-0.3
4601,0.1
4602,0.2
4603,0.4
4604,2.3
4605,0.2
4606,2.1
4607,3.5
4608,1.91
4609,2.15
4610,0.96
4611,2.13
4612,0.9
4613,1.2
4614,1.6
4615,-1.8
4616,5.0
4617,1.12
4618,0.9
4619,0.02
4620,1.69
4621,1.44
4622,2.25
4623,1.05
4624,1.21
4625,0.99
4626,1.68
4627,-1.06
4628,1.79
4629,0.45
4630,2.44
4631,1.4
4632,0.8
4633,2.4
4634,0.44
4635,0.25
4636,0.2
4637,0.25
4638,1.65
4639,3.5
4640,1.51
4641,1.29
4642,4.3
4643,1.73
4644,1.41
4645,1.57
4646,5.35
4647,1.67
4648,4.0
4649,0.5
4650,1.6
4651,1.84
4652,1.41
4653,2.63
4654,1.84
4655,0.28
4656,2.5
4657,2.54
4658,1.63
4659,1.87
4660,1.88
4661,0.02
4662,1.5
4663,-1.04
4664,2.24
4665,-0.1
4666,-1.9
4667,0.8
4668,1.35
4669,0.5
4670,0.57
4671,-0.4
4672,0.43
4673,0.5
4674,0.84
4675,0.3
4676,1.14
4677,2.7
4678,-0.3
4679,2.0
4680,-0.2
4681,1.9
4682,0.6
4683,1.23
4684,0.6
4685,-0.1
4686,0.0
4687,0.73
4688,1.8
4689,0.57
4690,-0.4
4691,0.9
4692,3.4
4693,0.1
4694,3.28
4695,-0.2
4696,0.6
4697,-0.5
4698,-1.3
4699,0.0
4700,-0.23
4701,1.9
4702,-2.9
4703,-0.1
4704,0.65
4705,0.1
4706,-0.22
4707,0.6
4708,-0.27
4709,-0.2
4710,0.64
4711,1.1
4712,1.04
4713,3.4
4714,4.6
4715,1.9
4716,-0.2
4717,0.24
4718,-0.1
4719,4.0
4720,3.4
4721,-0.6
4722,1.2
4723,0.2
4724,0.6
4725,-0.6
4726,1.0
4727,2.3
4728,1.1
4729,1.1
4730,-0.96
4731,-0.5
4732,-0.45
4733,1.67
4734,1.16
4735,1.19
4736,1.31
4737,-0.05
4738,0.01
4739,0.36
4740,0.33
4741,0.21
4742,1.3
4743,2.1
4744,0.5
4745,0.7
4746,0.3
4747,2.7
4748,0.3
4749,3.9
4750,0.7
4751,0.4
4752,0.6
4753,0.1
4754,-0.7
4755,-0.2
4756,1.5
4757,0.8
4758,2.3
4759,0.2
4760,2.6
4761,-0.7
4762,1.6
4763,2.1
4764,2.0
4765,1.1
4766,-1.4
4767,3.45
4768,-3.0
4769,-1.3
4770,0.44
4771,4.1
4772,0.09
4773,1.29
4774,0.27
4775,3.04
4776,2.37
4777,4.9
4778,0.9
4779,1.91
4780,2.1
4781,2.7
4782,2.2
4783,4.35
4784,2.62
4785,5.3
4786,3.4
4787,7.8
4788,0.24
4789,0.65
4790,1.05
4791,0.8
4792,1.8
4793,2.64
4794,4.01
4795,1.1
4796,3.31
4797,0.9
4798,-0.8
4799,-0.43
4800,-0.44
4801,0.3
4802,0.35
4803,4.51
4804,3.05
4805,0.5
4806,0.3
4807,0.0
4808,-0.64
4809,2.12
4810,2.05
4811,-0.3
4812,-0.15
4813,1.8
4814,2.8
4815,-0.24
4816,1.66
4817,1.95
4818,0.05
4819,1.38
4820,4.3
4821,1.29
4822,1.72
4823,0.56
4824,2.31
4825,2.21
4826,-0.11
4827,0.27
4828,1.09
4829,2.06
4830,1.27
4831,3.08
4832,1.87
4833,0.22
4834,1.04
4835,1.1
4836,1.24
4837,3.49
4838,2.12
4839,4.02
4840,1.35
4841,-0.6
4842,1.05
4843,-1.4
4844,-0.35
4845,-0.35
4846,-1.15
4847,1.9
4848,2.4
4849,0.5
4850,1.7
4851,1.3
4852,6.1
4853,8.7
4854,8.0
4855,7.8
4856,6.0
4857,-0.2
4858,0.4
4859,0.2
4860,1.5
4861,2.0
4862,2.4
4863,6.9
4864,3.0
4865,2.2
4866,1.8
4867,4.3
4868,4.1
4869,1.0
4870,2.1
4871,2.8
4872,0.7
4873,2.3
4874,1.7
4875,0.2
4876,0.2
4877,1.5
4878,2.1
4879,0.4
4880,0.0
4881,0.4
4882,-0.1
4883,0.0
4884,0.6
4885,1.7
4886,2.2
4887,5.7
4888,3.3
4889,4.7
4890,1.2
4891,1.4
4892,1.3
4893,0.3
4894,0.8
4895,1.0
4896,0.3
4897,0.5
4898,1.8
4899,0.0
4900,0.5
4901,0.1
4902,1.6
4903,0.0
4904,0.1
4905,0.1
4906,1.2
4907,1.2
4908,2.9
4909,3.9
4910,3.4
4911,5.9
4912,1.1
4913,3.8
4914,0.6
4915,5.0
4916,3.7
4917,3.7
4918,0.6
4919,-0.1
4920,0.6
4921,0.7
4922,1.04
4923,1.09
4924,0.79
4925,1.17
4926,-0.55
4927,0.05
4928,-0.38
4929,-0.75
4930,0.37
4931,-0.6
4932,3.7
4933,2.3
4934,-0.4
4935,-0.1
4936,0.18
4937,0.12
4938,-0.26
4939,0.92
4940,0.6
4941,0.62
4942,0.7
4943,1.1
4944,1.75
4945,2.62
4946,-1.1
4947,1.1
4948,0.1
4949,0.26
4950,-0.2
4951,0.68
4952,0.52
4953,0.83
4954,0.62
4955,0.45
4956,0.0
4957,0.05
4958,-0.04
4959,0.6
4960,1.1
4961,1.9
4962,-0.6
4963,-0.9
4964,0.1
4965,0.6
4966,0.6
4967,0.0
4968,1.9
4969,-0.44
4970,0.22
4971,0.04
4972,0.6
4973,1.5
4974,0.8
4975,2.2
4976,1.4
4977,1.6
4978,0.8
4979,1.1
4980,-0.1
4981,1.7
4982,2.04
4983,0.8
4984,0.0
4985,0.0
4986,0.1
4987,0.4
4988,-0.6
4989,-0.96
4990,0.54
4991,0.3
4992,1.4
4993,0.3
4994,1.4
4995,0.6
4996,-0.8
4997,0.5
4998,1.1
4999,0.9
5000,2.2
5001,1.3
5002,1.3
5003,-0.2
5004,2.0
5005,-5.0
5006,0.7
5007,2.1
5008,0.7
5009,0.8
5010,0.32
5011,0.29
5012,0.31
5013,0.45
5014,-0.01
5015,0.57
5016,0.58
5017,-0.07
5018,-0.24
5019,0.13
5020,0.61
5021,0.97
5022,-0.11
5023,0.03
5024,-0.48
5025,0.03
5026,1.88
5027,1.46
5028,0.19
5029,0.11
5030,-0.69
5031,-0.17
5032,-0.1
5033,0.3
5034,0.05
5035,-2.35
5036,0.3
5037,0.1
5038,0.5
5039,1.2
5040,0.0
5041,1.8
5042,0.95
5043,0.75
5044,0.5
5045,-0.06
5046,0.31
5047,0.31
5048,-0.43
5049,-0.04
5050,-0.35
5051,0.48
5052,-2.5
5053,-2.7
5054,-3.3
5055,-2.9
5056,3.91
5057,2.97
5058,3.56
5059,0.1
5060,0.59
5061,-1.41
5062,-0.8
5063,0.46
5064,0.66
5065,1.31
5066,0.79
5067,0.48
5068,0.62
5069,0.25
5070,0.15
5071,0.33
5072,-2.75
5073,-1.59
5074,-1.14
5075,-1.77
5076,-1.8
5077,-0.08
5078,0.16
5079,-2.8
5080,-0.23
5081,-0.05
5082,-0.29
5083,0.31
5084,1.16
5085,0.19
5086,-0.2
5087,-2.18
5088,-1.6
5089,-1.7
5090,2.07
5091,1.47
5092,0.84
5093,-0.22
5094,0.37
5095,0.17
5096,0.22
5097,0.08
5098,1.41
5099,1.39
5100,-1.53
5101,0.55
5102,3.6
5103,3.6
5104,0.4
5105,-1.75
5106,-0.38
5107,1.47
5108,-0.46
5109,0.04
5110,0.2
5111,-0.28
5112,-0.04
5113,-1.4
5114,-1.58
5115,-1.1
5116,3.6
5117,2.03
5118,1.9
5119,1.75
5120,1.65
5121,1.45
5122,1.95
5123,1.35
5124,2.25
5125,1.45
5126,2.55
5127,1.85
5128,-0.45
5129,2.35
5130,1.65
5131,2.85
5132,0.15
5133,1.45
5134,4.55
5135,4.05
5136,3.65
5137,2.65
5138,0.15
5139,1.15
5140,-0.15
5141,0.95
5142,-0.15
5143,0.85
5144,1.55
5145,1.15
5146,1.0
5147,1.43
5148,1.05
5149,-0.84
5150,-0.57
5151,0.81
5152,2.58
5153,0.51
5154,0.57
5155,-0.62
5156,2.04
5157,1.98
5158,0.23
5159,-1.4
5160,0.42
5161,2.8
5162,0.59
5163,0.6
5164,0.43
5165,1.36
5166,1.07
5167,0.73
5168,2.04
5169,0.68
5170,3.11
5171,3.95
5172,2.18
5173,2.5
5174,1.56
5175,2.39
5176,0.38
5177,3.11
5178,3.44
5179,2.39
5180,2.51
5181,0.07
5182,0.72
5183,2.34
5184,0.36
5185,1.44
5186,0.96
5187,1.08
5188,0.0
5189,3.11
5190,-0.96
5191,1.71
5192,1.37
5193,1.84
5194,0.98
5195,2.82
5196,0.75
5197,1.35
5198,-0.2
5199,1.19
5200,2.37
5201,0.89
5202,1.0
5203,1.08
5204,3.6
5205,4.73
5206,-0.19
5207,1.94
5208,2.53
5209,2.63
5210,1.12
5211,0.8
5212,1.45
5213,2.68
5214,2.1
5215,3.03
5216,2.8
5217,1.92
5218,2.24
5219,-0.04
5220,2.54
5221,1.13
5222,0.09
5223,1.28
5224,0.42
5225,0.41
5226,-0.07
5227,-0.83
5228,-0.46
5229,-1.1
5230,-1.43
5231,-0.41
5232,0.38
5233,2.39
5234,1.81
5235,3.28
5236,2.69
5237,3.76
5238,2.64
5239,3.5
5240,2.93
5241,1.36
5242,2.74
5243,2.47
5244,1.34
5245,1.86
5246,1.98
5247,0.97
5248,0.27
5249,0.44
5250,1.99
5251,2.53
5252,1.52
5253,2.2
5254,3.88
5255,3.72
5256,0.73
5257,1.1
5258,1.64
5259,1.17
5260,0.71
5261,-0.32
5262,-0.2
5263,-0.59
5264,0.05
5265,0.51
5266,0.27
5267,0.1
5268,0.64
5269,0.79
5270,1.41
5271,-0.01
5272,0.14
5273,1.05
5274,1.33
5275,1.0
5276,0.57
5277,1.46
5278,0.88
5279,2.76
5280,2.06
5281,0.64
5282,1.69
5283,3.43
5284,2.22
5285,0.61
5286,2.31
5287,3.8
5288,2.34
5289,4.76
5290,4.1
5291,4.73
5292,4.41
5293,0.12
5294,2.18
5295,1.41
5296,1.26
5297,1.46
5298,3.11
5299,-0.16
5300,0.75
5301,0.55
5302,1.0
5303,0.44
5304,1.48
5305,2.17
5306,2.28
5307,2.14
5308,2.23
5309,0.31
5310,1.99
5311,3.74
5312,-0.19
5313,0.24
5314,0.1
5315,1.8
5316,2.55
5317,3.74
5318,2.92
5319,4.09
5320,-0.57
5321,-0.46
5322,-0.51
5323,0.52
5324,-1.31
5325,-0.69
5326,0.45
5327,0.17
5328,0.48
5329,0.85
5330,3.29
5331,4.22
5332,0.09
5333,0.39
5334,1.37
5335,2.73
5336,3.43
5337,0.62
5338,0.15
5339,0.88
5340,2.65
5341,2.63
5342,0.14
5343,0.68
5344,0.96
5345,0.23
5346,1.88
5347,1.79
5348,4.12
5349,0.6
5350,1.75
5351,0.46
5352,1.13
5353,2.59
5354,-0.69
5355,-0.21
5356,-1.05
5357,-0.24
5358,-0.13
5359,0.22
5360,0.79
5361,-0.06
5362,1.32
5363,1.26
5364,3.22
5365,0.44
5366,-0.12
5367,0.7
5368,0.26
5369,0.79
5370,0.75
5371,0.97
5372,0.02
5373,0.06
5374,0.38
5375,0.76
5376,0.34
5377,0.4
5378,1.6
5379,0.7
5380,0.79
5381,0.85
5382,0.8
5383,0.28
5384,-0.19
5385,-0.2
5386,-0.09
5387,-0.1
5388,0.25
5389,-0.24
5390,0.02
5391,0.25
5392,-0.2
5393,0.1
5394,0.17
5395,0.08
5396,0.32
5397,1.47
5398,1.83
5399,1.57
5400,0.89
5401,-0.16
5402,1.68
5403,0.09
5404,0.51
5405,0.0
5406,-0.19
5407,-0.25
5408,0.16
5409,0.48
5410,0.3
5411,0.03
5412,0.6
5413,0.25
5414,0.4
5415,0.55
5416,-0.04
5417,1.31
5418,0.5
5419,0.26
5420,0.69
5421,-0.05
5422,1.07
5423,0.15
5424,-0.1
5425,0.0
5426,0.75
5427,0.39
5428,0.15
5429,0.22
5430,0.47
5431,0.58
5432,1.85
5433,0.3
5434,1.38
5435,1.03
5436,1.88
5437,4.6
5438,1.11
5439,2.05
5440,3.34
5441,3.81
5442,4.78
5443,0.96
5444,2.3
5445,2.18
5446,4.43
5447,0.76
5448,1.42
5449,2.38
5450,3.84
5451,1.6
5452,1.63
5453,2.77
5454,4.58
5455,1.83
5456,1.85
5457,3.66
5458,3.09
5459,3.58
5460,1.51
5461,3.79
5462,1.82
5463,2.78
5464,1.51
5465,0.28
5466,2.06
5467,0.14
5468,1.35
5469,1.26
5470,0.77
5471,1.15
5472,2.6
5473,3.18
5474,1.04
5475,1.42
5476,1.61
5477,1.95
5478,0.84
5479,0.31
5480,1.81
5481,2.54
5482,0.56
5483,0.76
5484,2.06
5485,1.62
5486,4.66
5487,1.43
5488,0.73
5489,4.43
5490,4.44
5491,4.39
5492,2.3
5493,4.98
5494,1.88
5495,2.34
5496,1.61
5497,1.03
5498,0.97
5499,0.97
5500,-0.59
5501,0.38
5502,0.35
5503,-0.25
5504,1.5
5505,0.1
5506,0.51
5507,0.44
5508,0.1
5509,0.55
5510,2.26
5511,0.25
5512,0.93
5513,0.02
5514,0.58
5515,1.25
5516,1.32
5517,2.55
5518,2.84
5519,2.4
5520,1.64
5521,2.86
5522,1.38
5523,2.26
5524,1.1
5525,2.06
5526,0.79
5527,2.53
5528,-0.83
5529,1.0
5530,1.52
5531,0.82
5532,-0.62
5533,-0.56
5534,1.03
5535,1.08
5536,1.59
5537,1.87
5538,1.54
5539,0.57
5540,1.63
5541,0.73
5542,1.2
5543,1.16
5544,0.05
5545,0.35
5546,0.26
5547,1.69
5548,0.95
5549,2.54
5550,0.61
5551,0.74
5552,0.85
5553,1.52
5554,1.04
5555,2.62
5556,-0.73
5557,1.35
5558,-0.47
5559,-0.07
5560,-0.74
5561,1.79
5562,-0.86
5563,0.88
5564,-0.9
5565,0.23
5566,0.04
5567,0.37
5568,0.56
5569,-0.04
5570,-0.09
5571,2.23
5572,1.05
5573,3.52
5574,1.17
5575,2.15
5576,-0.1
5577,0.89
5578,0.19
5579,2.03
5580,-0.51
5581,0.75
5582,-0.24
5583,2.82
5584,-0.27
5585,0.76
5586,4.86
5587,2.45
5588,4.26
5589,4.82
5590,0.74
5591,0.88
5592,4.71
5593,2.36
5594,-0.14
5595,0.03
5596,0.15
5597,1.07
5598,0.04
5599,0.31
5600,2.7
5601,1.93
5602,-0.03
5603,0.02
5604,4.76
5605,3.34
5606,2.16
5607,4.61
5608,-0.11
5609,0.9
5610,2.44
5611,1.55
5612,0.05
5613,0.17
5614,-0.09
5615,0.1
5616,-0.01
5617,-0.2
5618,2.34
5619,4.49
5620,0.76
5621,4.83
5622,-0.37
5623,0.14
5624,3.09
5625,1.34
5626,2.69
5627,3.23
5628,1.91
5629,1.12
5630,3.88
5631,3.35
5632,0.14
5633,0.15
5634,3.36
5635,-0.06
5636,-0.07
5637,0.2
5638,-0.2
5639,0.25
5640,0.02
5641,0.56
5642,0.22
5643,2.72
5644,0.4
5645,1.86
5646,2.28
5647,3.78
5648,1.55
5649,1.94
5650,3.83
5651,3.31
5652,3.05
5653,3.21
5654,3.18
5655,2.65
5656,0.72
5657,1.97
5658,0.38
5659,1.72
5660,3.31
5661,0.41
5662,0.07
5663,1.05
5664,0.15
5665,2.27
5666,3.83
5667,1.81
5668,4.53
5669,1.71
5670,2.62
5671,0.73
5672,2.2
5673,3.07
5674,2.04
5675,2.88
5676,1.95
5677,3.36
5678,0.33
5679,0.9
5680,1.3
5681,0.1
5682,1.33
5683,0.1
5684,2.08
5685,2.22
5686,3.01
5687,0.55
5688,1.89
5689,1.24
5690,1.06
5691,-0.56
5692,1.71
5693,1.07
5694,-0.58
5695,2.27
5696,0.7
5697,2.39
5698,2.62
5699,3.04
5700,2.18
5701,2.26
5702,1.78
5703,2.56
5704,1.99
5705,-2.72
5706,-2.35
5707,0.9
5708,0.5
5709,1.0
5710,0.4
5711,0.6
5712,1.9
5713,2.0
5714,0.8
5715,0.6
5716,0.3
5717,0.1
5718,1.8
5719,0.4
5720,0.1
5721,1.8
5722,2.3
5723,1.6
5724,0.6
5725,1.5
5726,-0.1
5727,0.1
5728,0.2
5729,1.4
5730,0.1
5731,0.2
5732,0.3
5733,0.3
5734,0.1
5735,0.8
5736,1.5
5737,-0.2
5738,-0.2
5739,-0.4
5740,-0.5
5741,1.8
5742,0.0
5743,0.6
5744,-0.1
5745,0.8
5746,1.2
5747,1.6
5748,1.3
5749,1.2
5750,1.5
5751,1.5
5752,0.3
5753,2.3
5754,0.2
5755,1.18
5756,2.49
5757,1.56
5758,1.98
5759,0.65
5760,0.18
5761,4.86
5762,0.11
5763,3.33
5764,0.72
5765,4.11
5766,1.28
5767,0.67
5768,0.33
5769,0.69
5770,0.4
5771,0.99
5772,2.88
5773,1.81
5774,-0.13
5775,1.17
5776,1.37
5777,2.85
5778,0.91
5779,3.17
5780,1.97
5781,4.23
5782,0.54
5783,2.74
5784,1.49
5785,2.14
5786,1.11
5787,-0.13
5788,0.22
5789,1.9
5790,-0.81
5791,0.21
5792,-0.07
5793,0.1
5794,0.6
5795,-0.6
5796,-0.51
5797,-0.1
5798,0.11
5799,0.42
5800,0.0
5801,1.3
5802,0.7
5803,0.57
5804,3.16
5805,1.55
5806,1.7
5807,0.35
5808,1.66
5809,1.75
5810,1.19
5811,0.1
5812,0.17
5813,3.11
5814,0.58
5815,0.73
5816,0.44
5817,-0.03
5818,2.02
5819,1.09
5820,2.07
5821,-0.21
5822,1.8
5823,1.85
5824,0.8
5825,-1.43
5826,0.26
5827,-0.14
5828,-0.24
5829,0.53
5830,-0.05
5831,-0.36
5832,1.36
5833,0.05
5834,-0.57
5835,1.29
5836,0.26
5837,0.74
5838,0.77
5839,0.41
5840,0.5
5841,0.91
5842,-0.43
5843,1.2
5844,-0.12
5845,1.1
5846,0.29
5847,0.5
5848,-0.07
5849,0.07
5850,-0.33
5851,0.26
5852,-0.19
5853,0.77
5854,0.31
5855,0.8
5856,-2.4
5857,-1.7
5858,1.1
5859,2.7
5860,0.9
5861,1.7
5862,1.7
5863,0.3
5864,0.3
5865,2.7
5866,3.2
5867,1.8
5868,1.1
5869,1.3
5870,1.0
5871,-0.9
5872,2.13
5873,0.3
5874,2.25
5875,2.0
5876,0.98
5877,2.1
5878,1.05
5879,0.79
5880,1.72
5881,0.19
5882,2.13
5883,-0.07
5884,0.93
5885,0.65
5886,-2.66
5887,0.6
5888,0.19
5889,-1.39
5890,-0.43
5891,0.96
5892,0.41
5893,0.93
5894,1.15
5895,0.24
5896,2.44
5897,0.6
5898,1.17
5899,2.39
5900,0.26
5901,1.2
5902,2.6
5903,2.6
5904,1.1
5905,0.7
5906,0.4
5907,-0.5
5908,2.3
5909,3.8
5910,-1.3
5911,0.33
5912,0.95
5913,-0.3
5914,1.85
5915,1.24
5916,3.67
5917,3.98
5918,2.56
5919,3.67
5920,2.43
5921,3.82
5922,1.22
5923,0.0
5924,3.67
5925,2.84
5926,3.26
5927,0.31
5928,2.4
5929,2.73
5930,0.76
5931,3.82
5932,2.68
5933,-1.49
5934,-0.6
5935,-0.5
5936,-0.5
5937,-0.05
5938,-0.75
5939,0.65
5940,1.19
5941,0.13
5942,0.0
5943,-0.41
5944,0.82
5945,0.1
5946,1.1
5947,2.1
5948,-1.1
5949,2.5
5950,3.3
5951,1.2
5952,3.3
5953,0.6
5954,2.4
5955,1.1
5956,1.9
5957,0.1
5958,0.7
5959,1.1
5960,1.1
5961,0.2
5962,2.9
5963,0.6
5964,5.2
5965,3.3
5966,3.1
5967,0.4
5968,3.3
5969,1.6
5970,2.7
5971,1.9
5972,1.9
5973,2.1
5974,1.3
5975,0.4
5976,4.7
5977,1.7
5978,4.5
5979,0.6
5980,0.9
5981,0.0
5982,-0.4
5983,-0.1
5984,0.1
5985,0.5
5986,0.9
5987,2.7
5988,2.2
5989,3.8
5990,1.7
5991,0.4
5992,1.7
5993,1.8
5994,0.2
5995,-0.3
5996,0.8
5997,1.2
5998,1.0
5999,1.1
6000,1.2
6001,0.2
6002,1.2
6003,1.8
6004,1.8
6005,0.9
6006,1.3
6007,1.0
6008,2.8
6009,2.8
6010,2.5
6011,1.5
6012,-0.4
6013,-0.14
6014,-2.5
6015,1.1
6016,-0.9
6017,1.9
6018,2.45
6019,0.0
6020,0.6
6021,-0.6
6022,-0.8
6023,0.78
6024,-0.31
6025,-0.38
6026,4.12
6027,4.2
6028,0.93
6029,1.34
6030,3.24
6031,3.95
6032,2.2
6033,1.72
6034,1.19
6035,2.93
6036,3.6
6037,0.13
6038,1.08
6039,0.66
6040,-0.46
6041,0.37
6042,0.71
6043,0.15
6044,0.14
6045,0.67
6046,-0.89
6047,1.82
6048,-0.33
6049,0.26
6050,0.81
6051,-0.07
6052,-1.72
6053,-1.82
6054,-0.46
6055,-1.77
6056,1.25
6057,4.04
6058,2.13
6059,4.42
6060,3.97
6061,2.92
6062,5.26
6063,2.61
6064,4.54
6065,2.87
6066,2.26
6067,4.1
6068,1.2
6069,0.5
6070,-0.8
6071,4.3
6072,2.6
6073,-0.26
6074,2.25
6075,0.4
6076,0.8
6077,0.8
6078,2.6
6079,0.7
6080,0.2
6081,0.7
6082,0.5
6083,2.3
6084,4.2
6085,3.4
6086,1.7
6087,-0.89
6088,-0.37
6089,-0.27
6090,2.03
6091,0.0
6092,2.05
6093,-0.62
6094,-0.81
6095,0.2
6096,-2.85
6097,0.6
6098,-0.9
6099,-0.6
6100,-1.2
6101,-1.5
6102,-0.1
6103,-0.8
6104,1.54
6105,1.28
6106,1.16
6107,-0.55
6108,2.7
6109,0.51
6110,0.55
6111,1.33
6112,2.29
6113,2.3
6114,1.5
6115,0.57
6116,-0.63
6117,-1.04
6118,2.41
6119,1.7
6120,1.6
6121,0.9
6122,1.26
6123,-0.39
6124,-0.1
6125,-0.13
6126,-0.7
6127,-0.73
6128,-1.67
6129,-2.19
6130,2.09
6131,0.1
6132,0.33
6133,-1.1
6134,-0.81
6135,-0.02
6136,1.0
6137,0.02
6138,4.6
6139,-0.07
6140,-0.05
6141,1.7
6142,3.7
6143,1.0
6144,3.73
6145,1.7
6146,0.8
6147,0.53
6148,1.29
6149,0.62
6150,0.55
6151,-0.14
6152,1.39
6153,1.77
6154,0.4
6155,1.79
6156,0.29
6157,0.86
6158,-0.45
6159,0.12
6160,0.36
6161,0.14
6162,0.53
6163,0.93
6164,0.98
6165,2.54
6166,0.41
6167,3.71
6168,4.09
6169,0.1
6170,1.77
6171,6.67
6172,1.34
6173,1.32
6174,0.81
6175,3.83
6176,0.0
6177,1.29
6178,3.59
6179,2.22
6180,0.93
6181,3.78
6182,2.7
6183,0.35
6184,0.6
6185,0.12
6186,3.73
6187,-0.19
6188,-0.05
6189,0.0
6190,1.2
6191,-0.91
6192,-2.06
6193,-1.32
6194,-1.15
6195,-0.43
6196,-0.53
6197,0.57
6198,1.65
6199,0.29
6200,-0.07
6201,-0.17
6202,0.05
6203,-0.48
6204,-0.86
6205,-0.07
6206,-0.53
6207,-0.07
6208,-2.4
6209,-0.89
6210,0.14
6211,1.75
6212,1.6
6213,1.12
6214,1.51
6215,1.44
6216,0.86
6217,2.3
6218,-1.1
6219,0.05
6220,0.31
6221,1.34
6222,0.38
6223,1.41
6224,0.36
6225,0.43
6226,0.43
6227,0.29
6228,0.22
6229,-0.45
6230,-0.19
6231,-0.65
6232,0.33
6233,0.07
6234,0.38
6235,0.24
6236,1.0
6237,0.67
6238,0.89
6239,0.5
6240,0.36
6241,2.8
6242,0.5
6243,2.5
6244,2.49
6245,0.19
6246,2.32
6247,-0.07
6248,0.96
6249,0.24
6250,2.32
6251,-0.7
6252,-0.48
6253,0.6
6254,-0.5
6255,2.6
6256,2.1
6257,0.7
6258,1.5
6259,1.0
6260,0.0
6261,1.0
6262,1.54
6263,0.31
6264,1.16
6265,0.66
6266,1.03
6267,0.2
6268,-0.7
6269,-0.15
6270,-0.3
6271,0.2
6272,0.09
6273,0.89
6274,0.8
6275,0.74
6276,2.7
6277,-1.2
6278,1.72
6279,1.79
6280,-0.2
6281,1.22
6282,4.53
6283,0.7
6284,1.3
6285,0.0
6286,2.3
6287,5.1
6288,0.0
6289,2.6
6290,2.9
6291,5.0
6292,5.11
6293,4.67
6294,2.22
6295,-0.91
6296,1.0
6297,-1.39
6298,3.92
6299,-1.65
6300,2.15
6301,-0.96
6302,2.13
6303,1.46
6304,0.6
6305,-1.51
6306,-1.32
6307,3.32
6308,1.96
6309,1.58
6310,0.86
6311,1.32
6312,0.79
6313,0.14
6314,2.82
6315,3.4
6316,3.3
6317,2.92
6318,0.26
6319,2.56
6320,1.27
6321,0.43
6322,0.05
6323,1.63
6324,4.9
6325,1.89
6326,3.01
6327,5.38
6328,3.73
6329,2.12
6330,1.69
6331,0.64
6332,-1.79
6333,1.08
6334,2.15
6335,1.65
6336,0.58
6337,1.73
6338,1.11
6339,1.91
6340,1.86
6341,1.77
6342,2.03
6343,1.43
6344,2.85
6345,3.48
6346,-0.12
6347,1.47
6348,0.2
6349,0.95
6350,0.88
6351,1.94
6352,0.44
6353,-0.04
6354,-0.59
6355,0.83
6356,0.2
6357,-0.56
6358,-0.48
6359,-0.22
6360,-0.51
6361,0.19
6362,-0.8
6363,-0.59
6364,-0.16
6365,-0.32
6366,-0.38
6367,-0.38
6368,-0.27
6369,-0.67
6370,-0.62
6371,-0.15
6372,0.39
6373,-0.55
6374,-0.78
6375,-0.27
6376,-0.41
6377,0.24
6378,-0.05
6379,-0.54
6380,-0.22
6381,-0.23
6382,-0.19
6383,-0.44
6384,4.0
6385,4.0
6386,4.0
6387,4.0
6388,4.0
6389,4.0
6390,4.0
6391,4.0
6392,4.0
6393,4.0
6394,4.0
6395,4.0
6396,4.0
6397,2.33
6398,4.0
6399,2.41
6400,4.0
6401,4.0
6402,2.6
6403,1.85
6404,1.46
6405,3.19
6406,0.67
6407,2.81
6408,-0.11
6409,0.45
6410,1.46
6411,4.0
6412,2.33
6413,2.93
6414,0.53
6415,0.38
6416,-0.02
6417,2.0
6418,-0.35
6419,-0.46
6420,0.0
6421,0.12
6422,0.08
6423,-0.07
6424,-0.5
6425,-0.51
6426,0.04
6427,-0.13
6428,-0.54
6429,-0.12
6430,-0.29
6431,-0.16
6432,-0.33
6433,-0.41
6434,1.08
6435,0.82
6436,1.08
6437,1.03
6438,0.99
6439,2.21
6440,1.22
6441,1.18
6442,1.35
6443,-0.21
6444,2.93
6445,1.21
6446,1.47
6447,-0.62
6448,0.44
6449,1.43
6450,1.17
6451,-0.4
6452,-1.05
6453,0.06
6454,0.95
6455,0.09
6456,-0.28
6457,-0.2
6458,-0.29
6459,-0.5
6460,-0.49
6461,-0.41
6462,-0.41
6463,-0.46
6464,0.2
6465,-0.3
6466,-0.43
6467,-0.12
6468,-0.5
6469,-0.82
6470,0.16
6471,4.0
6472,-0.59
6473,-0.55
6474,-0.17
6475,-0.46
6476,-0.67
6477,1.72
6478,-0.72
6479,-0.55
6480,-0.56
6481,-0.57
6482,-0.59
6483,-0.84
6484,1.36
6485,0.05
6486,0.52
6487,2.67
6488,0.84
6489,0.57
6490,0.61
6491,0.53
6492,0.84
6493,-0.47
6494,4.0
6495,0.38
6496,1.72
6497,0.2
6498,0.8
6499,0.51
6500,1.31
6501,-0.36
6502,-0.69
6503,-0.58
6504,-0.25
6505,0.17
6506,-0.74
6507,-0.33
6508,0.33
6509,0.75
6510,-0.35
6511,-0.9
6512,-0.58
6513,-0.18
6514,-0.46
6515,0.07
6516,0.01
6517,-0.35
6518,-0.42
6519,0.19
6520,-0.57
6521,0.22
6522,0.25
6523,-0.6
6524,-0.13
6525,-0.16
6526,-0.72
6527,-0.16
6528,1.98
6529,-0.87
6530,-0.28
6531,-0.17
6532,-0.01
6533,-0.92
6534,-0.66
6535,-0.05
6536,-0.2
6537,-0.84
6538,1.47
6539,-0.02
6540,-0.93
6541,-0.42
6542,-0.37
6543,-0.19
6544,-0.64
6545,0.78
6546,-0.52
6547,-0.72
6548,-0.11
6549,-0.65
6550,0.09
6551,-0.77
6552,-0.41
6553,0.72
6554,-1.92
6555,-0.01
6556,4.0
6557,-0.1
6558,-0.83
6559,-1.82
6560,-0.93
6561,1.64
6562,4.0
6563,-0.44
6564,-0.44
6565,0.36
6566,1.04
6567,0.91
6568,-0.26
6569,-0.68
6570,-0.61
6571,-0.63
6572,0.88
6573,-0.03
6574,-1.19
6575,-0.65
6576,-0.61
6577,-0.42
6578,-0.25
6579,1.26
6580,-0.71
6581,-0.55
6582,-0.01
6583,-0.13
6584,-0.28
6585,-0.69
6586,0.18
6587,0.1
6588,-1.03
6589,0.32
6590,1.06
6591,-0.02
6592,1.04
6593,0.14
6594,0.29
6595,-0.13
6596,0.66
6597,-0.21
6598,1.34
6599,0.17
6600,0.2
6601,0.25
6602,-0.68
6603,3.04
6604,0.5
6605,4.0
6606,4.0
6607,4.0
6608,4.0
6609,4.0
6610,0.48
6611,1.66
6612,4.0
6613,4.0
6614,4.0
6615,0.28
6616,4.0
6617,4.0
6618,2.53
6619,-0.91
6620,4.0
6621,4.0
6622,4.0
6623,4.0
6624,2.66
6625,0.24
6626,4.0
6627,2.53
6628,2.71
6629,4.0
6630,1.72
6631,4.0
6632,4.0
6633,4.0
6634,4.0
6635,2.99
6636,0.34
6637,-0.51
6638,-0.1
6639,-0.53
6640,-0.67
6641,-0.08
6642,-0.81
6643,-0.72
6644,-1.25
6645,-0.94
6646,-0.03
6647,0.88
6648,-0.52
6649,-0.87
6650,-0.51
6651,-0.39
6652,-0.52
6653,-0.24
6654,0.29
6655,-0.05
6656,0.13
6657,0.2
6658,-0.5
6659,1.44
6660,-0.29
6661,-0.04
6662,0.47
6663,-0.3
6664,2.74
6665,-0.19
6666,0.42
6667,0.17
6668,1.01
6669,1.31
6670,0.43
6671,-0.49
6672,-1.3
6673,4.0
6674,4.0
6675,2.32
6676,4.0
6677,-0.58
6678,2.41
6679,4.0
6680,-0.19
6681,4.0
6682,4.0
6683,4.0
6684,-0.43
6685,4.0
6686,4.0
6687,4.0
6688,2.49
6689,0.25
6690,2.5
6691,2.0
6692,0.0
6693,1.22
6694,0.59
6695,1.23
6696,-0.32
6697,0.55
6698,1.29
6699,1.06
6700,0.88
6701,-0.03
6702,-0.3
6703,0.42
6704,0.54
6705,1.25
6706,1.97
6707,1.03
6708,0.1
6709,3.08
6710,1.06
6711,0.47
6712,0.11
6713,0.5
6714,4.0
6715,0.58
6716,0.66
6717,1.38
6718,-0.49
6719,0.21
6720,-0.22
6721,0.5
6722,-0.55
6723,-0.22
6724,0.35
6725,-0.15
6726,-0.56
6727,-0.72
6728,-0.25
6729,-0.1
6730,-0.11
6731,-0.65
6732,0.13
6733,-0.2
6734,-0.41
6735,-0.51
6736,-0.21
6737,0.45
6738,-0.02
6739,-0.64
6740,0.35
6741,-0.45
6742,-0.23
6743,0.06
6744,-0.32
6745,-0.01
6746,0.99
6747,-1.07
6748,-0.33
6749,-0.57
6750,-0.25
6751,-0.53
6752,-0.69
6753,-0.57
6754,-0.1
6755,-0.56
6756,-0.27
6757,0.01
6758,-0.07
6759,-0.72
6760,-0.31
6761,-0.58
6762,-0.44
6763,1.23
6764,-0.61
6765,-0.91
6766,-0.36
6767,-0.19
6768,-0.23
6769,-0.25
6770,0.44
6771,4.0
6772,0.78
6773,0.22
6774,1.16
6775,4.0
6776,-0.19
6777,-0.17
6778,-0.39
6779,0.58
6780,4.0
6781,-0.45
6782,4.0
6783,0.72
6784,0.48
6785,-0.19
6786,0.48
6787,0.34
6788,2.05
6789,1.36
6790,-1.04
6791,1.23
6792,-0.74
6793,-1.08
6794,0.21
6795,-0.49
6796,0.21
6797,4.0
6798,0.17
6799,-0.77
6800,-0.18
6801,-0.48
6802,0.27
6803,-0.82
6804,0.45
6805,1.33
6806,1.09
6807,-0.34
6808,0.23
6809,-0.82
6810,1.52
6811,-0.55
6812,0.05
6813,-0.38
6814,4.0
6815,-1.17
6816,-0.76
6817,0.29
6818,1.17
6819,1.35
6820,-0.46
6821,0.28
6822,0.68
6823,0.25
6824,-1.26
6825,0.28
6826,-0.28
6827,-0.99
6828,-0.6
6829,-0.34
6830,-0.09
6831,1.23
6832,-0.14
6833,-0.24
6834,0.06
6835,-0.42
6836,-0.63
6837,-1.78
6838,2.01
6839,4.0
6840,4.0
6841,0.47
6842,4.0
6843,4.0
6844,1.34
6845,4.0
6846,0.68
6847,4.0
6848,1.65
6849,4.0
6850,-0.72
6851,4.0
6852,4.0
6853,1.25
6854,2.76
6855,1.4
6856,3.11
6857,2.79
6858,-0.26
6859,4.0
6860,1.59
6861,-0.97
6862,2.76
6863,-0.5
6864,4.0
6865,2.88
6866,1.54
6867,2.07
6868,1.79
6869,1.14
6870,-0.08
6871,0.02
6872,-0.59
6873,-0.16
6874,-0.75
6875,-1.0
6876,-0.11
6877,-0.04
6878,-0.68
6879,-1.04
6880,-0.85
6881,-0.18
6882,4.0
6883,-0.84
6884,-0.33
6885,-0.76
6886,-0.48
6887,-0.42
6888,-0.93
6889,-0.36
6890,1.12
6891,0.0
6892,-1.01
6893,0.94
6894,-0.7
6895,-0.57
6896,-1.02
6897,-0.95
6898,-0.3
6899,3.69
6900,-0.94
6901,-0.42
6902,-0.22
6903,-0.08
6904,-0.48
6905,-0.78
6906,0.28
6907,-0.19
6908,0.01
6909,-0.35
6910,0.85
6911,-0.24
6912,-0.56
6913,-0.45
6914,-0.95
6915,-0.37
6916,1.45
6917,-0.29
6918,-0.64
6919,0.04
6920,0.61
6921,-0.13
6922,-0.21
6923,-0.16
6924,-0.05
6925,-0.38
6926,0.32
6927,0.42
6928,0.2
6929,-0.11
6930,-0.58
6931,-0.14
6932,-0.5
6933,0.01
6934,-0.61
6935,-0.39
6936,-0.2
6937,-0.32
6938,0.13
6939,0.39
6940,-0.24
6941,-0.46
6942,-0.46
6943,-0.76
6944,0.01
6945,-0.42
6946,-0.56
6947,-0.35
6948,-0.38
6949,-0.39
6950,-0.17
6951,1.03
6952,-0.59
6953,-0.39
6954,-0.3
6955,-0.54
6956,-0.3
6957,-0.26
6958,1.04
6959,0.23
6960,-1.85
6961,1.21
6962,-0.51
6963,-1.01
6964,-0.32
6965,-0.97
6966,-0.7
6967,0.14
6968,1.99
6969,-0.33
6970,-0.55
6971,-0.01
6972,-0.5
6973,-1.31
6974,0.21
6975,0.32
6976,-0.33
6977,-0.68
6978,1.05
6979,0.05
6980,-0.06
6981,0.08
6982,0.07
6983,-0.06
6984,0.13
6985,2.08
6986,-0.28
6987,-0.21
6988,-0.39
6989,-0.18
6990,-0.71
6991,-0.22
6992,1.79
6993,0.67
6994,-0.56
6995,1.74
6996,0.42
6997,-0.84
6998,0.95
6999,-0.8
7000,-0.62
7001,0.87
7002,4.0
7003,0.59
7004,0.44
7005,0.78
7006,-0.39
7007,-0.16
7008,-0.85
7009,-0.23
7010,-0.62
7011,-0.39
7012,-0.17
7013,-0.67
7014,0.35
7015,0.08
7016,0.06
7017,-0.2
7018,-0.02
7019,-0.47
7020,-0.03
7021,-0.51
7022,0.1
7023,-0.1
7024,0.47
7025,0.55
7026,-0.13
7027,-0.3
7028,0.67
7029,0.13
7030,-1.0
7031,-0.31
7032,-0.54
7033,-1.0
7034,0.14
7035,-0.09
7036,-0.06
7037,-1.31
7038,-0.15
7039,-0.4
7040,0.06
7041,-0.27
7042,-0.09
7043,0.18
7044,-0.31
7045,-0.52
7046,-0.21
7047,-0.07
7048,0.11
7049,0.0
7050,4.0
7051,-0.22
7052,-0.11
7053,-0.36
7054,0.1
7055,-0.4
7056,0.86
7057,0.84
7058,0.35
7059,0.69
7060,0.91
7061,0.47
7062,0.33
7063,0.03
7064,-0.21
7065,0.45
7066,-0.07
7067,4.0
7068,0.39
7069,0.47
7070,-0.18
7071,0.5
7072,0.83
7073,1.1
7074,3.31
7075,0.76
7076,4.0
7077,2.48
7078,2.16
7079,0.3
7080,1.38
7081,1.05
7082,0.98
7083,2.19
7084,4.0
7085,1.03
7086,1.85
7087,0.62
7088,0.5
7089,1.64
7090,1.18
7091,1.7
7092,0.25
7093,4.0
7094,0.27
7095,0.7
7096,0.33
7097,0.36
7098,0.19
7099,0.98
7100,0.66
7101,0.24
7102,0.64
7103,0.3
7104,0.48
7105,-0.34
7106,4.0
7107,0.04
7108,0.13
7109,-0.35
7110,0.23
7111,0.14
7112,-0.42
7113,-0.46
7114,-0.76
7115,-1.1
7116,-0.19
7117,-0.19
7118,-0.54
7119,-0.54
7120,-0.41
7121,-0.52
7122,-0.5
7123,-0.27
7124,-0.51
7125,-0.44
7126,-0.13
7127,-0.64
7128,-0.14
7129,0.22
7130,-0.12
7131,-0.59
7132,0.91
7133,-0.16
7134,-0.68
7135,-0.33
7136,-0.29
7137,-0.14
7138,0.22
7139,-0.38
7140,-0.44
7141,0.17
7142,-0.41
7143,-0.19
7144,1.18
7145,3.41
7146,0.27
7147,-0.67
7148,2.29
7149,1.57
7150,-0.91
7151,1.96
7152,-0.27
7153,0.27
7154,4.0
7155,2.31
7156,1.52
7157,2.04
7158,1.7
7159,1.28
7160,0.42
7161,0.1
7162,2.67
7163,4.0
7164,1.64
7165,4.0
7166,4.0
7167,-0.26
7168,4.0
7169,0.08
7170,0.68
7171,4.0
7172,-0.42
7173,2.91
7174,4.0
7175,1.54
7176,1.68
7177,1.73
7178,1.77
7179,4.0
7180,1.74
7181,-0.29
7182,3.46
7183,1.44
7184,0.14
7185,1.53
7186,0.72
7187,0.6
7188,1.95
7189,4.0
7190,1.34
7191,1.72
7192,2.09
7193,1.64
7194,0.44
7195,4.0
7196,4.0
7197,4.0
7198,-0.55
7199,1.44
7200,4.0
7201,3.29
7202,-0.88
7203,3.31
7204,2.6
7205,4.0
7206,4.0
7207,4.0
7208,1.22
7209,4.0
7210,4.0
7211,4.0
7212,4.0
7213,1.05
7214,4.0
7215,0.05
7216,4.0
7217,4.0
7218,2.24
7219,3.12
7220,1.79
7221,2.49
7222,4.0
7223,4.0
7224,4.0
7225,2.22
7226,2.97
7227,4.0
7228,2.53
7229,-1.39
7230,-1.41
7231,-2.1
7232,-1.05
7233,-0.94
7234,-0.35
7235,-1.39
7236,0.15
7237,-0.95
7238,0.4
7239,1.01
7240,-1.44
7241,-0.39
7242,0.93
7243,-1.5
7244,-1.8
7245,-1.4
7246,-3.8
7247,-1.8
7248,-2.2
7249,-0.35
7250,-2.3
7251,0.4
7252,1.0
7253,0.4
7254,0.0
7255,0.8
7256,-0.8
7257,-0.9
7258,-0.9
7259,-2.5
7260,-0.6
7261,-1.6
7262,-3.01
7263,-2.1
7264,-1.75
7265,-0.84
7266,0.54
7267,-0.89
7268,-1.0
7269,-2.3
7270,2.44
7271,-1.0
7272,-1.0
7273,-1.0
7274,-0.2
7275,0.7
7276,-0.5
7277,0.6
7278,-0.6
7279,1.2
7280,-0.4
7281,0.3
7282,0.2
7283,0.3
7284,0.47
7285,-0.98
7286,0.21
7287,-1.18
7288,3.11
7289,1.38
7290,-1.1
7291,2.6
7292,0.4
7293,2.5
7294,2.6
7295,2.2
7296,0.1
7297,0.46
7298,2.81
7299,1.48
7300,0.97
7301,0.6
7302,-0.19
7303,1.46
7304,-0.16
7305,0.57
7306,0.4
7307,-0.31
7308,0.32
7309,-1.38
7310,-1.94
7311,-1.93
7312,-2.35
7313,-0.89
7314,0.76
7315,0.97
7316,0.19
7317,0.77
7318,1.12
7319,0.81
7320,2.84
7321,0.36
7322,3.56
7323,0.16
7324,0.21
7325,1.35
7326,3.91
7327,2.55
7328,2.89
7329,2.93
7330,3.02
7331,1.68
7332,-0.41
7333,1.1
7334,0.5
7335,-0.1
7336,-1.1
7337,0.9
7338,0.0
7339,3.76
7340,3.39
7341,3.17
7342,0.77
7343,1.2
7344,0.26
7345,0.62
7346,2.08
7347,1.6
7348,1.77
7349,-0.94
7350,4.9
7351,3.6
7352,4.08
7353,3.67
7354,4.73
7355,3.54
7356,4.87
7357,3.07
7358,0.93
7359,-1.24
7360,0.14
7361,-0.74
7362,-0.3
7363,-0.8
7364,-1.0
7365,0.1
7366,-2.0
7367,-0.9
7368,0.8
7369,-0.9
7370,0.1
7371,-0.6
7372,-0.8
7373,1.6
7374,-1.8
7375,-0.8
7376,-1.0
7377,0.4
7378,0.4
7379,0.4
7380,-0.2
7381,0.43
7382,0.44
7383,2.2
7384,1.9
7385,-0.2
7386,4.38
7387,1.79
7388,0.8
7389,2.85
7390,2.2
7391,0.08
7392,2.99
7393,4.81
7394,2.2
7395,0.43
7396,-0.6
7397,3.2
7398,3.3
7399,2.7
7400,2.2
7401,2.1
7402,4.2
7403,0.44
7404,0.7
7405,0.67
7406,1.18
7407,1.92
7408,2.78
7409,3.8
7410,2.58
7411,4.87
7412,1.95
7413,1.09
7414,2.85
7415,1.3
7416,2.37
7417,2.03
7418,3.5
7419,3.54
7420,0.5
7421,0.29
7422,0.27
7423,1.0
7424,1.0
7425,1.3
7426,-1.3
7427,2.36
7428,1.36
7429,1.8
7430,1.5
7431,-0.25
7432,0.06
7433,0.06
7434,0.36
7435,0.53
7436,0.04
7437,1.08
7438,0.35
7439,-0.55
7440,0.45
7441,-0.21
7442,0.43
7443,0.37
7444,0.47
7445,0.12
7446,0.4
7447,0.82
7448,1.0
7449,-1.6
7450,3.68
7451,3.65
7452,2.93
7453,3.02
7454,2.29
7455,3.43
7456,2.94
7457,3.52
7458,2.9
7459,0.22
7460,3.27
7461,0.6
7462,0.4
7463,0.8
7464,1.5
7465,1.3
7466,0.6
7467,0.7
7468,0.2
7469,1.4
7470,1.6
7471,-0.5
7472,-0.05
7473,-0.09
7474,1.74
7475,2.46
7476,1.27
7477,0.0
7478,1.91
7479,0.02
7480,0.18
7481,1.34
7482,0.61
7483,1.59
7484,0.21
7485,-0.31
7486,1.2
7487,0.1
7488,-1.3
7489,1.15
7490,-1.23
7491,0.44
7492,0.56
7493,0.33
7494,0.9
7495,0.26
7496,0.72
7497,0.46
7498,0.32
7499,1.05
7500,1.1
7501,1.58
7502,2.08
7503,3.04
7504,0.68
7505,1.08
7506,1.65
7507,1.98
7508,1.56
7509,2.26
7510,0.2
7511,0.2
7512,1.7
7513,2.0
7514,2.8
7515,1.9
7516,2.3
7517,-0.2
7518,1.73
7519,0.0
7520,2.87
7521,0.1
7522,2.16
7523,2.64
7524,2.59
7525,1.96
7526,2.31
7527,2.3
7528,2.52
7529,1.98
7530,1.2
7531,0.97
7532,0.62
7533,0.4
7534,-0.4
7535,0.66
7536,0.25
7537,0.27
7538,1.18
7539,2.36
7540,1.43
7541,2.03
7542,2.01
7543,0.91
7544,0.99
7545,-0.57
7546,1.8
7547,1.62
7548,0.41
7549,0.5
7550,1.9
7551,0.38
7552,0.98
7553,0.46
7554,1.05
7555,0.75
7556,2.41
7557,0.38
7558,1.02
7559,1.4
7560,-0.2
7561,1.6
7562,1.3
7563,1.27
7564,-0.68
7565,1.63
7566,2.29
7567,0.99
7568,2.71
7569,0.97
7570,3.02
7571,1.7
7572,0.74
7573,3.38
7574,1.64
7575,0.6
7576,2.0
7577,2.4
7578,1.1
7579,1.9
7580,2.0
7581,0.8
7582,2.1
7583,1.3
7584,2.0
7585,0.5
7586,1.78
7587,2.84
7588,0.71
7589,0.63
7590,0.8
7591,0.0
7592,1.2
7593,0.7
7594,1.6
7595,0.71
7596,2.02
7597,1.9
7598,1.68
7599,1.25
7600,1.41
7601,-0.11
7602,0.37
7603,0.73
7604,0.18
7605,1.65
7606,1.1
7607,2.27
7608,2.59
7609,2.34
7610,0.7
7611,3.65
7612,-0.2
7613,0.1
7614,0.52
7615,2.4
7616,0.6
7617,0.4
7618,1.0
7619,-0.44
7620,0.92
7621,0.84
7622,-0.03
7623,-0.07
7624,0.4
7625,5.2
7626,5.3
7627,2.8
7628,6.2
7629,0.0
7630,1.0
7631,5.1
7632,6.5
7633,6.6
7634,-0.05
7635,0.2
7636,-0.05
7637,6.6
7638,5.8
7639,7.2
7640,7.0
7641,2.9
7642,5.4
7643,1.2
7644,5.2
7645,-0.8
7646,-0.3
7647,-1.17
7648,-0.2
7649,-1.1
7650,0.4
7651,0.6
7652,1.0
7653,0.55
7654,1.6
7655,-0.1
7656,0.4
7657,0.6
7658,0.3
7659,0.1
7660,0.0
7661,1.0
7662,6.5
7663,5.6
7664,6.6
7665,5.4
7666,5.0
7667,5.1
7668,5.4
7669,5.0
7670,5.47
7671,6.1
7672,5.3
7673,6.7
7674,5.3
7675,6.5
7676,7.5
7677,-0.3
7678,-0.48
7679,-1.07
7680,-0.45
7681,-1.25
7682,-0.72
7683,2.67
7684,0.92
7685,-1.55
7686,0.14
7687,5.42
7688,2.74
7689,-0.02
7690,3.58
7691,0.28
7692,1.63
7693,0.37
7694,3.3
7695,0.8
7696,2.4
7697,1.91
7698,0.88
7699,2.1
7700,4.13
7701,2.88
7702,3.96
7703,2.81
7704,2.72
7705,1.72
7706,0.5
7707,0.92
7708,0.1
7709,0.27
7710,2.58
7711,2.0
7712,1.26
7713,3.4
7714,1.9
7715,1.4
7716,2.69
7717,3.96
7718,0.4
7719,1.21
7720,4.06
7721,3.09
7722,2.08
7723,3.83
7724,2.7
7725,2.7
7726,3.23
7727,4.88
7728,2.15
7729,4.45
7730,0.4
7731,0.8
7732,2.2
7733,0.2
7734,2.0
7735,-0.3
7736,1.9
7737,2.2
7738,2.4
7739,1.0
7740,0.48
7741,-0.11
7742,0.41
7743,0.42
7744,0.21
7745,1.9
7746,2.1
7747,0.7
7748,0.38
7749,0.19
7750,-0.16
7751,2.94
7752,0.43
7753,-0.22
7754,-0.05
7755,4.78
7756,4.54
7757,4.1
7758,1.21
7759,3.07
7760,4.12
7761,3.19
7762,3.29
7763,2.98
7764,-0.35
7765,0.1
7766,-0.3
7767,3.18
7768,-1.49
7769,-0.92
7770,4.49
7771,-0.24
7772,-0.11
7773,1.27
7774,0.43
7775,0.22
7776,0.73
7777,3.01
7778,1.94
7779,1.95
7780,-0.4
7781,0.35
7782,3.3
7783,0.32
7784,0.13
7785,0.08
7786,3.5
7787,3.88
7788,-0.49
7789,3.98
7790,-0.27
7791,0.08
7792,-0.46
7793,-0.77
7794,-0.55
7795,1.91
7796,1.48
7797,1.67
7798,-0.53
7799,-0.26
7800,-1.63
7801,0.33
7802,0.7
7803,2.3
7804,1.93
7805,1.12
7806,0.3
7807,2.07
7808,0.94
7809,2.51
7810,0.4
7811,1.02
7812,0.62
7813,1.57
7814,1.21
7815,0.09
7816,0.4
7817,0.3
7818,-0.11
7819,0.74
7820,2.1
7821,1.04
7822,2.71
7823,1.37
7824,0.42
7825,1.1
7826,0.9
7827,0.08
7828,1.23
7829,0.37
7830,1.57
7831,-0.31
7832,0.8
7833,0.0
7834,1.04
7835,0.02
7836,0.02
7837,0.4
7838,0.54
7839,0.99
7840,-0.1
7841,3.28
7842,-0.51
7843,0.0
7844,0.31
7845,-0.3
7846,2.46
7847,0.31
7848,0.72
7849,2.12
7850,1.02
7851,0.77
7852,-1.02
7853,-0.32
7854,2.12
7855,3.32
7856,2.33
7857,0.85
7858,0.28
7859,1.0
7860,1.18
7861,0.62
7862,-0.08
7863,1.5
7864,0.0
7865,0.0
7866,1.5
7867,0.32
7868,0.53
7869,1.6
7870,2.15
7871,1.36
7872,2.27
7873,1.34
7874,1.03
7875,1.72
7876,1.12
7877,0.69
7878,1.58
7879,1.41
7880,1.32
7881,0.64
7882,-1.4
7883,1.17
7884,0.8
7885,0.15
7886,-1.05
7887,1.95
7888,-3.4
7889,-0.2
7890,4.42
7891,0.1
7892,1.28
7893,4.01
7894,2.99
7895,4.07
7896,0.6
7897,1.3
7898,1.5
7899,0.8
7900,-0.9
7901,-1.5
7902,-1.0
7903,1.97
7904,2.38
7905,2.61
7906,4.15
7907,1.41
7908,3.2
7909,2.34
7910,1.6
7911,1.57
7912,-1.3
7913,4.52
7914,1.92
7915,1.3
7916,4.79
7917,3.48
7918,0.2
7919,0.17
7920,1.0
7921,1.32
7922,1.86
7923,1.92
7924,2.83
7925,1.44
7926,1.6
7927,3.73
7928,3.88
7929,3.48
7930,1.5
7931,2.97
7932,2.91
7933,2.25
7934,3.26
7935,3.61
7936,3.42
7937,0.85
7938,-0.52
7939,2.36
7940,-0.48
7941,-0.75
7942,-0.76
7943,-1.11
7944,-0.03
7945,0.05
7946,-0.06
7947,0.22
7948,0.9
7949,1.3
7950,0.65
7951,-0.4
7952,-1.5
7953,-1.3
7954,-3.59
7955,0.0
7956,-0.5
7957,-1.3
7958,-0.6
7959,2.28
7960,1.9
7961,0.56
7962,1.79
7963,1.05
7964,1.7
7965,1.83
7966,1.07
7967,1.4
7968,-0.36
7969,0.3
7970,0.17
7971,0.01
7972,1.0
7973,1.0
7974,1.7
7975,1.3
7976,0.8
7977,3.1
7978,2.3
7979,0.3
7980,1.4
7981,1.3
7982,0.5
7983,-2.5
7984,-2.7
7985,1.9
7986,1.0
7987,-3.4
7988,1.0
7989,-0.8
7990,0.8
7991,1.5
7992,1.5
7993,0.0
7994,0.6
7995,1.5
7996,1.0
7997,1.0
7998,4.0
7999,3.2
8000,0.2
8001,1.5
8002,0.8
8003,3.5
8004,1.09
8005,0.96
8006,0.8
8007,3.41
8008,0.0
8009,0.47
8010,0.62
8011,-0.6
8012,0.52
8013,0.55
8014,0.29
8015,0.74
8016,1.07
8017,0.47
8018,0.32
8019,0.6
8020,3.84
8021,2.05
8022,2.39
8023,1.96
8024,1.17
8025,3.84
8026,3.2
8027,1.2
8028,1.09
8029,2.12
8030,-0.08
8031,0.03
8032,4.25
8033,-0.21
8034,0.55
8035,0.67
8036,-0.42
8037,0.7
8038,2.32
8039,0.18
8040,1.18
8041,0.65
8042,3.19
8043,0.0
8044,2.64
8045,1.33
8046,1.38
8047,2.16
8048,0.26
8049,0.67
8050,3.82
8051,0.83
8052,1.21
8053,1.57
8054,1.76
8055,0.17
8056,3.34
8057,0.02
8058,0.6
8059,-0.3
8060,0.58
8061,1.21
8062,0.6
8063,0.89
8064,0.8
8065,0.85
8066,-0.23
8067,0.02
8068,0.76
8069,0.69
8070,0.46
8071,0.64
8072,1.03
8073,1.47
8074,4.88
8075,1.95
8076,3.3
8077,3.5
8078,2.85
8079,1.65
8080,0.64
8081,1.25
8082,2.0
8083,2.3
8084,2.4
8085,2.7
8086,0.8
8087,-0.8
8088,-1.4
8089,1.0
8090,-0.02
8091,-1.36
8092,-0.38
8093,0.17
8094,-0.36
8095,-0.24
8096,0.31
8097,-1.05
8098,0.2
8099,0.41
8100,-0.29
8101,1.3
8102,0.7
8103,2.1
8104,1.0
8105,0.1
8106,4.31
8107,2.87
8108,4.31
8109,4.55
8110,-0.3
8111,0.6
8112,-0.3
8113,3.2
8114,3.7
8115,2.3
8116,0.5
8117,0.4
8118,4.6
8119,0.72
8120,0.3
8121,-0.1
8122,0.2
8123,-0.1
8124,2.5
8125,3.83
8126,5.02
8127,-0.3
8128,0.7
8129,5.02
8130,-0.2
8131,0.3
8132,-1.3
8133,-0.7
8134,-0.9
8135,0.95
8136,2.7
8137,1.4
8138,-1.1
8139,-1.7
8140,-0.1
8141,-1.6
8142,0.1
8143,-0.16
8144,1.16
8145,-0.6
8146,-0.01
8147,3.11
8148,0.2
8149,-0.3
8150,0.6
8151,1.8
8152,1.9
8153,-0.3
8154,-0.3
8155,4.07
8156,-0.1
8157,1.5
8158,2.63
8159,1.2
8160,4.0
8161,2.1
8162,3.1
8163,2.6
8164,0.7
8165,3.2
8166,2.0
8167,1.1
8168,2.1
8169,-0.4
8170,0.9
8171,2.53
8172,1.7
8173,2.3
8174,0.4
8175,2.8
8176,2.3
8177,3.2
8178,3.4
8179,3.11
8180,1.5
8181,0.1
8182,1.0
8183,0.7
8184,-0.5
8185,1.03
8186,0.56
8187,0.1
8188,0.0
8189,0.4
8190,0.7
8191,1.3
8192,0.8
8193,4.3
8194,5.7
8195,0.4
8196,3.0
8197,0.9
8198,2.8
8199,1.86
8200,1.9
8201,0.8
8202,0.3
8203,6.3
8204,1.5
8205,0.6
8206,2.0
8207,6.0
8208,3.0
8209,3.4
8210,-0.5
8211,0.2
8212,1.6
8213,-0.5
8214,4.78
8215,2.8
8216,1.5
8217,-0.17
8218,-0.6
8219,-1.3
8220,-1.2
8221,-1.5
8222,-0.5
8223,-0.5
8224,-0.3
8225,0.21
8226,-0.32
8227,-0.4
8228,0.8
8229,0.6
8230,1.0
8231,0.0
8232,0.4
8233,1.91
8234,0.6
8235,1.1
8236,3.11
8237,1.2
8238,0.24
8239,0.22
8240,-0.4
8241,2.9
8242,0.18
8243,0.3
8244,-0.1
8245,3.0
8246,0.0
8247,1.1
8248,0.2
8249,-1.27
8250,-1.1
8251,-1.7
8252,-2.0
8253,0.77
8254,-0.6
8255,0.0
8256,0.11
8257,0.11
8258,0.0
8259,-0.06
8260,0.53
8261,-0.04
8262,-0.31
8263,-0.2
8264,-0.39
8265,-0.33
8266,0.14
8267,3.03
8268,-0.27
8269,-0.24
8270,-0.01
8271,-0.1
8272,-0.05
8273,-0.19
8274,1.1
8275,-0.6
8276,-0.1
8277,0.14
8278,-0.3
8279,-0.4
8280,1.5
8281,0.5
8282,0.4
8283,2.0
8284,-0.2
8285,0.5
8286,1.3
8287,2.39
8288,0.8
8289,4.07
8290,1.1
8291,2.1
8292,1.2
8293,1.7
8294,1.2
8295,-0.3
8296,0.66
8297,1.2
8298,-0.6
8299,0.2
8300,1.5
8301,1.2
8302,1.6
8303,1.1
8304,0.2
8305,1.5
8306,1.2
8307,1.69
8308,0.85
8309,-0.39
8310,-0.08
8311,-0.2
8312,0.68
8313,-0.16
8314,-0.09
8315,-0.12
8316,0.05
8317,0.12
8318,2.0
8319,4.9
8320,4.4
8321,3.0
8322,1.5
8323,1.3
8324,1.6
8325,1.8
8326,5.74
8327,2.87
8328,5.5
8329,4.55
8330,0.0
8331,-0.88
8332,-0.8
8333,1.9
8334,1.5
8335,2.7
8336,3.6
8337,-1.9
8338,5.9
8339,-1.3
8340,-0.5
8341,1.8
8342,1.6
8343,1.2
8344,1.8
8345,0.8
8346,-1.7
8347,2.3
8348,-3.4
8349,-1.04
8350,-1.65
8351,-0.99
8352,-1.95
8353,-1.42
8354,-0.86
8355,-1.9
8356,-1.27
8357,-1.51
8358,-0.81
8359,-1.32
8360,-1.08
8361,-1.08
8362,-1.12
8363,-0.65
8364,-0.25
8365,-0.89
8366,0.4
8367,-1.1
8368,-0.74
8369,0.22
8370,0.23
8371,0.05
8372,-0.15
8373,-0.5
8374,0.9
8375,1.87
8376,-0.17
8377,0.32
8378,-0.44
8379,0.17
8380,-1.1
8381,-0.36
8382,-0.07
8383,2.1
8384,3.1
8385,3.9
8386,1.4
8387,0.2
8388,-0.03
8389,0.0
8390,-0.1
8391,-1.9
8392,-0.9
8393,2.2
8394,0.6
8395,-0.24
8396,-0.3
8397,2.2
8398,-0.44
8399,-0.19
8400,2.2
8401,1.0
8402,-0.1
8403,-1.29
8404,3.4
8405,-0.6
8406,-0.9
8407,0.7
8408,-0.31
8409,3.5
8410,3.03
8411,-3.7
8412,-3.37
8413,2.7
8414,1.95
8415,2.0
8416,0.1
8417,-1.4
8418,3.9
8419,1.03
8420,-2.1
8421,0.72
8422,-0.1
8423,3.15
8424,0.3
8425,-2.2
8426,0.3
8427,-2.4
8428,1.7
8429,-1.3
8430,-8.0
8431,0.9
8432,-6.2
8433,-4.55
8434,0.6
8435,0.6
8436,2.5
8437,1.4
8438,0.0
8439,-3.2
8440,-1.1
8441,0.0
8442,0.65
8443,1.2
8444,0.55
8445,-0.2
8446,1.35
8447,-1.7
8448,-0.1
8449,1.1
8450,1.0
8451,1.8
8452,2.5
8453,1.6
8454,0.2
8455,2.1
8456,-1.05
8457,-0.11
8458,-0.16
8459,-0.25
8460,0.09
8461,-0.96
8462,0.0
8463,0.0
8464,0.24
8465,0.31
8466,1.4
8467,0.14
8468,-0.11
8469,0.95
8470,1.26
8471,1.01
8472,0.71
8473,1.01
8474,1.13
8475,1.12
8476,1.37
8477,0.2
8478,1.26
8479,3.08
8480,1.0
8481,1.2
8482,3.1
8483,2.6
8484,3.0
8485,3.1
8486,4.2
8487,2.0
8488,2.6
8489,7.8
8490,0.0
8491,2.0
8492,4.31
8493,-0.5
8494,0.0
8495,-0.2
8496,-0.2
8497,0.0
8498,0.9
8499,0.6
8500,-0.8
8501,2.7
8502,0.0
8503,1.12
8504,0.84
8505,2.56
8506,2.46
8507,1.06
8508,1.88
8509,1.13
8510,2.19
8511,1.62
8512,2.32
8513,6.82
8514,1.89
8515,-0.15
8516,1.84
8517,-0.55
8518,-1.6
8519,-1.05
8520,0.06
8521,0.94
8522,-0.35
8523,0.25
8524,0.66
8525,6.78
8526,5.69
8527,0.84
8528,2.21
8529,5.92
8530,-0.6
8531,-1.9
8532,-1.1
8533,-0.5
8534,-0.4
8535,-1.0
8536,1.9
8537,1.2
8538,-1.4
8539,-1.8
8540,-1.2
8541,4.78
8542,-0.76
8543,0.0
8544,-0.72
8545,-0.45
8546,-0.19
8547,-0.04
8548,2.4
8549,0.08
8550,-0.27
8551,-0.87
8552,-1.77
8553,0.61
8554,-0.48
8555,-0.19
8556,0.45
8557,-0.02
8558,0.1
8559,-0.38
8560,0.04
8561,1.46
8562,-1.92
8563,0.96
8564,-1.27
8565,0.38
8566,-0.76
8567,4.4
8568,2.46
8569,0.45
8570,2.27
8571,4.96
8572,0.91
8573,1.18
8574,0.9
8575,0.9
8576,6.7
8577,0.24
8578,-0.28
8579,0.57
8580,-0.24
8581,1.06
8582,0.84
8583,0.38
8584,2.15
8585,0.45
8586,-0.68
8587,0.15
8588,0.04
8589,-0.23
8590,0.15
8591,2.31
8592,-0.99
8593,0.08
8594,3.07
8595,2.0
8596,2.2
8597,0.27
8598,3.44
8599,1.31
8600,5.02
8601,2.63
8602,1.67
8603,1.79
8604,1.67
8605,0.96
8606,3.38
8607,3.59
8608,-0.27
8609,-1.87
8610,-2.2
8611,-1.8
8612,-0.27
8613,-1.27
8614,-0.73
8615,-0.93
8616,-0.6
8617,0.07
8618,0.9
8619,3.21
8620,2.7
8621,-1.0
8622,-0.1
8623,0.14
8624,2.46
8625,0.33
8626,2.13
8627,1.44
8628,4.62
8629,0.17
8630,0.5
8631,0.26
8632,1.11
8633,0.2
8634,0.17
8635,-0.23
8636,0.34
8637,1.0
8638,0.7
8639,0.6
8640,0.7
8641,0.9
8642,0.8
8643,0.8
8644,0.2
8645,0.3
8646,0.3
8647,0.7
8648,0.5
8649,0.1
8650,0.4
8651,0.8
8652,0.9
8653,1.0
8654,0.8
8655,0.65
8656,-0.1
8657,1.17
8658,0.97
8659,4.11
8660,1.25
8661,0.0
8662,1.23
8663,2.5
8664,5.4
8665,3.12
8666,3.39
8667,3.12
8668,2.75
8669,2.42
8670,3.2
8671,3.37
8672,-0.5
8673,1.85
8674,2.56
8675,1.68
8676,1.6
8677,1.17
8678,2.28
8679,2.1
8680,3.5
8681,1.1
8682,1.4
8683,0.6
8684,4.7
8685,1.1
8686,3.1
8687,0.6
8688,0.3
8689,1.9
8690,0.8
8691,7.4
8692,0.3
8693,5.7
8694,-0.9
8695,-0.2
8696,1.3
8697,7.0
8698,2.5
8699,4.7
8700,2.2
8701,2.5
8702,2.7
8703,-0.5
8704,1.9
8705,1.6
8706,2.0
8707,0.2
8708,0.2
8709,1.6
8710,-1.0
8711,-0.1
8712,0.98
8713,0.4
8714,3.13
8715,2.72
8716,2.5
8717,4.13
8718,-0.41
8719,-0.4
8720,0.45
8721,0.12
8722,2.8
8723,2.2
8724,0.27
8725,1.66
8726,0.08
8727,-0.3
8728,2.7
8729,3.4
8730,2.5
8731,1.3
8732,1.1
8733,1.8
8734,2.4
8735,0.0
8736,0.41
8737,6.4
8738,0.3
8739,2.57
8740,0.0
8741,6.6
8742,-0.3
8743,0.3
8744,-1.71
8745,-1.17
8746,-0.43
8747,-2.2
8748,0.37
8749,-0.14
8750,-0.75
8751,-4.88
8752,-3.01
8753,-0.4
8754,-0.15
8755,-0.27
8756,-0.17
8757,-0.33
8758,-0.38
8759,0.02
8760,-0.17
8761,-0.02
8762,-0.22
8763,-0.43
8764,-1.37
8765,-1.86
8766,-0.74
8767,-0.09
8768,-0.76
8769,-0.36
8770,0.65
8771,-0.5
8772,-2.79
8773,0.3
8774,0.5
8775,0.7
8776,3.1
8777,2.4
8778,-2.07
8779,-2.0
8780,0.2
8781,2.8
8782,2.7
8783,-4.61
8784,-3.3
8785,-2.8
8786,-4.1
8787,-0.5
8788,3.5
8789,1.1
8790,-0.9
8791,0.9
8792,-3.3
8793,0.3
8794,-3.0
8795,-1.8
8796,-2.3
8797,-2.7
8798,-1.8
8799,-2.7
8800,-2.3
8801,-2.9
8802,1.2
8803,2.3
8804,-1.1
8805,0.0
8806,2.2
8807,1.5
8808,2.3
8809,-1.0
8810,-0.3
8811,1.0
8812,-0.3
8813,1.4
8814,1.9
8815,1.7
8816,0.0
8817,0.0
8818,0.2
8819,1.7
8820,0.9
8821,1.3
8822,0.5
8823,4.4
8824,-0.4
8825,0.2
8826,2.3
8827,3.6
8828,0.6
8829,1.5
8830,1.2
8831,0.3
8832,2.19
8833,4.68
8834,4.71
8835,4.1
8836,3.1
8837,6.12
8838,2.53
8839,0.74
8840,0.74
8841,0.57
8842,0.37
8843,6.36
8844,3.21
8845,4.55
8846,-0.46
8847,2.5
8848,2.8
8849,7.29
8850,7.35
8851,5.52
8852,-0.95
8853,-1.25
8854,-1.05
8855,0.12
8856,0.6
8857,0.4
8858,4.5
8859,1.1
8860,0.7
8861,-0.5
8862,0.5
8863,0.9
8864,2.6
8865,3.5
8866,4.6
8867,0.2
8868,1.0
8869,1.1
8870,1.6
8871,0.4
8872,0.7
8873,5.0
8874,-0.8
8875,-0.5
8876,7.4
8877,0.7
8878,4.4
8879,6.6
8880,1.3
8881,-0.8
8882,-1.1
8883,0.9
8884,1.6
8885,-2.8
8886,-1.0
8887,7.7
8888,4.6
8889,1.4
8890,5.2
8891,3.5
8892,6.1
8893,4.1
8894,1.9
8895,5.7
8896,2.9
8897,3.7
8898,5.1
8899,0.2
8900,2.1
8901,0.2
8902,-1.6
8903,1.2
8904,0.8
8905,-1.2
8906,1.5
8907,3.7
8908,1.6
8909,0.8
8910,0.7
8911,-1.3
8912,0.3
8913,0.6
8914,2.2
8915,1.4
8916,2.7
8917,5.3
8918,2.1
8919,1.6
8920,2.1
8921,0.1
8922,3.0
8923,3.5
8924,4.1
8925,5.0
8926,3.5
8927,0.4
8928,0.4
8929,0.6
8930,0.08
8931,-0.01
8932,0.8
8933,0.86
8934,-0.08
8935,-0.33
8936,-0.46
8937,-0.2
8938,-0.44
8939,0.05
8940,0.69
8941,0.23
8942,0.59
8943,0.62
8944,-0.14
8945,0.97
8946,0.17
8947,-0.6
8948,-0.1
8949,1.57
8950,1.81
8951,-0.42
8952,0.36
8953,2.52
8954,1.02
8955,1.68
8956,-0.18
8957,0.86
8958,-0.27
8959,3.1
8960,1.02
8961,3.7
8962,3.66
8963,1.09
8964,1.69
8965,1.14
8966,2.47
8967,1.06
8968,2.23
8969,1.52
8970,4.83
8971,-0.27
8972,0.62
8973,1.91
8974,-0.33
8975,-0.4
8976,-0.75
8977,-0.55
8978,-0.31
8979,0.08
8980,1.88
8981,0.68
8982,3.52
8983,1.34
8984,1.16
8985,0.32
8986,-0.04
8987,2.43
8988,1.51
8989,3.24
8990,0.38
8991,1.45
8992,3.5
8993,1.15
8994,1.8
8995,2.7
8996,-0.7
8997,0.5
8998,-1.4
8999,2.0
9000,0.4
9001,0.8
9002,0.6
9003,1.2
9004,0.3
9005,1.0
9006,-0.2
9007,0.1
9008,0.05
9009,0.0
9010,3.1
9011,0.44
9012,0.5
9013,0.0
9014,0.3
9015,-0.5
9016,1.5
9017,0.0
9018,2.3
9019,0.3
9020,2.1
9021,1.8
9022,2.1
9023,-0.5
9024,-0.3
9025,-0.7
9026,1.1
9027,3.2
